1964-05-28,16:18:09.0,49.012,1.809,2,2.6,sm,BCSF,,,,,,16:18:09.0,49.012,1.809,2,2.6,,,,,,16:18:09.0,49.012,1.8,2,2.6,2.1,2.6
1965-06-25,17:47:27.0,49.832,7.378,2,2.6,sm,BCSF,,,,,,17:47:27.0,49.832,7.378,2,2.6,,,,,,17:47:27.0,49.832,7.37,2,2.6,2.1,2.6
1965-07-24,16:17:58.0,49.396,6.79,30,2.7,sm,BCSF,,,,,,16:17:58.0,49.396,6.79,30,2.7,,,,,,16:17:58.0,49.396,6.79,30,2.7,2.2,2.7
1965-11-06,14:59:56.0,50.111,7.271,2,2.9,sm,BCSF,,,,,,14:59:56.0,50.111,7.271,2,2.9,,,,,,14:59:56.0,50.111,7.27,2,2.9,2.3,2.9
1965-12-15,11:30:19.0,49.158,6.588,2,2.6,sm,BCSF,,,,,,11:30:19.0,49.158,6.588,2,2.6,,,,,,11:30:19.0,49.158,6.58,2,2.6,2.1,2.6
1965-12-15,11:32:28.0,49.828,4.891,2,,sm,BCSF,,,,,,11:32:28.0,49.828,4.891,2,,,,,,,11:32:28.0,49.828,4.89,2,,,
1966-02-26,10:01:06.0,49.764,7.896,2,2.9,sm,BCSF,,,,,,10:01:06.0,49.764,7.896,2,2.9,,,,,,10:01:06.0,49.764,7.89,2,2.9,2.3,2.9
1966-06-02,17:36:24.0,49.695,7.479,2,3.1,sm,BCSF,,,,,,17:36:24.0,49.695,7.479,2,3.1,,,,,,17:36:24.0,49.695,7.47,2,3.1,2.5,3.1
1966-10-31,16:33:24.0,50.425,4.122,2,3.2,sm,BCSF,,,,,,16:33:24.0,50.425,4.122,2,3.2,,,,,,16:33:24.0,50.425,4.12,2,3.2,2.6,3.2
1966-11-02,12:03:02.0,50.432,4.159,2,3.3,sm,BCSF,,,,,,12:03:02.0,50.432,4.159,2,3.3,,,,,,12:03:02.0,50.432,4.15,2,3.3,2.7,3.3
1967-03-01,22:51:21.0,49.049,6.062,2,2,sm,BCSF,,,,,,22:51:21.0,49.049,6.062,2,2,,,,,,22:51:21.0,49.049,6.06,2,2.0,1.6,2.0
1967-03-18,09:59:57.0,49.728,7.956,2,3.2,sm,BCSF,,,,,,09:59:57.0,49.728,7.956,2,3.2,,,,,,09:59:57.0,49.728,7.95,2,3.2,2.6,3.2
1967-04-18,16:23:23.0,50.619,5.597,2,3.1,sm,BCSF,,,,,,16:23:23.0,50.619,5.597,2,3.1,,,,,,16:23:23.0,50.619,5.59,2,3.1,2.5,3.1
1967-07-06,17:45:55.0,49.611,6.655,2,3,sm,BCSF,,,,,,17:45:55.0,49.611,6.655,2,3,,,,,,17:45:55.0,49.611,6.65,2,3.0,2.4,3.0
1967-07-12,16:14:55.0,49.662,6.756,2,2.7,sm,BCSF,,,,,,16:14:55.0,49.662,6.756,2,2.7,,,,,,16:14:55.0,49.662,6.75,2,2.7,2.2,2.7
1967-07-26,15:51:40.0,49.369,6.99,11,2.8,sm,BCSF,,,,,,15:51:40.0,49.369,6.99,11,2.8,,,,,,15:51:40.0,49.369,6.99,11,2.8,2.2,2.8
1967-08-18,11:22:10.0,51.232,1.075,5,3.6,sm,BCSF,,,,,,11:22:10.0,51.232,1.075,5,3.6,,,,,,11:22:10.0,51.232,1.07,5,3.6,2.9,3.6
1967-08-21,15:19:37.0,50.576,5.676,13,2.9,sm,BCSF,,,,,,15:19:37.0,50.576,5.676,13,2.9,,,,,,15:19:37.0,50.576,5.67,13,2.9,2.3,2.9
1967-08-25,11:17:10.0,49.938,5.36,2,2.8,sm,BCSF,,,,,,11:17:10.0,49.938,5.36,2,2.8,,,,,,11:17:10.0,49.938,5.36,2,2.8,2.2,2.8
1967-08-25,19:02:36.0,49.559,5.945,2,2.9,sm,BCSF,,,,,,19:02:36.0,49.559,5.945,2,2.9,,,,,,19:02:36.0,49.559,5.94,2,2.9,2.3,2.9
1967-08-28,15:42:00.0,50.493,6.933,2,2.8,sm,BCSF,,,,,,15:42:00.0,50.493,6.933,2,2.8,,,,,,15:42:00.0,50.493,6.93,2,2.8,2.2,2.8
1967-09-11,15:28:44.0,49.656,7.704,2,3,sm,BCSF,,,,,,15:28:44.0,49.656,7.704,2,3,,,,,,15:28:44.0,49.656,7.7,2,3.0,2.4,3.0
1967-10-15,15:16:20.0,50.349,4.759,2,2.9,sm,BCSF,,,,,,15:16:20.0,50.349,4.759,2,2.9,,,,,,15:16:20.0,50.349,4.75,2,2.9,2.3,2.9
1967-12-01,13:58:26.0,50.499,4.253,2,2.9,sm,BCSF,,,,,,13:58:26.0,50.499,4.253,2,2.9,,,,,,13:58:26.0,50.499,4.25,2,2.9,2.3,2.9
1968-03-19,15:12:49.0,49.748,7.902,2,2.8,sm,BCSF,,,,,,15:12:49.0,49.748,7.902,2,2.8,,,,,,15:12:49.0,49.748,7.9,2,2.8,2.2,2.8
1968-06-27,14:58:42.0,49.866,7.247,2,3,sm,BCSF,,,,,,14:58:42.0,49.866,7.247,2,3,,,,,,14:58:42.0,49.866,7.24,2,3.0,2.4,3.0
1968-07-01,04:18:26.0,49.26,4.173,2,2.8,sm,BCSF,,,,,,04:18:26.0,49.26,4.173,2,2.8,,,,,,04:18:26.0,49.26,4.17,2,2.8,2.2,2.8
1968-07-31,16:17:56.0,49.691,7.676,2,3,sm,BCSF,,,,,,16:17:56.0,49.691,7.676,2,3,,,,,,16:17:56.0,49.691,7.67,2,3.0,2.4,3.0
1969-03-14,15:19:50.0,49.713,7.627,2,3,sm,BCSF,,,,,,15:19:50.0,49.713,7.627,2,3,,,,,,15:19:50.0,49.713,7.62,2,3.0,2.4,3.0
1969-03-25,15:29:15.0,49.761,7.891,4,3.2,sm,BCSF,,,,,,15:29:15.0,49.761,7.891,4,3.2,,,,,,15:29:15.0,49.761,7.89,4,3.2,2.6,3.2
1969-04-12,11:33:14.0,49.352,6.75,2,2.7,sm,BCSF,,,,,,11:33:14.0,49.352,6.75,2,2.7,,,,,,11:33:14.0,49.352,6.75,2,2.7,2.2,2.7
1969-11-20,10:47:50.0,49.346,6.654,2,2.5,sm,BCSF,,,,,,10:47:50.0,49.346,6.654,2,2.5,,,,,,10:47:50.0,49.346,6.65,2,2.5,2.0,2.5
1970-01-29,11:46:06.0,49.429,6.906,30,2.7,sm,BCSF,,,,,,11:46:06.0,49.429,6.906,30,2.7,,,,,,11:46:06.0,49.429,6.9,30,2.7,2.2,2.7
1970-02-23,14:42:55.0,49.079,6.693,7,,sm,BCSF,,,,,,14:42:55.0,49.079,6.693,7,,,,,,,14:42:55.0,49.079,6.69,7,,,
1970-05-06,16:23:11.0,49.583,7.827,23,2.9,sm,BCSF,,,,,,16:23:11.0,49.583,7.827,23,2.9,,,,,,16:23:11.0,49.583,7.82,23,2.9,2.3,2.9
1970-06-02,11:03:44.0,49.84,7.599,10,2.9,sm,BCSF,,,,,,11:03:44.0,49.84,7.599,10,2.9,,,,,,11:03:44.0,49.84,7.59,10,2.9,2.3,2.9
1970-06-27,15:35:44.0,50.733,5.979,2,3,sm,BCSF,,,,,,15:35:44.0,50.733,5.979,2,3,,,,,,15:35:44.0,50.733,5.97,2,3.0,2.4,3.0
1970-10-01,16:23:54.0,49.679,7.884,2,2.8,sm,BCSF,,,,,,16:23:54.0,49.679,7.884,2,2.8,,,,,,16:23:54.0,49.679,7.88,2,2.8,2.2,2.8
1970-10-13,11:18:05.0,50.659,4.208,2,3,sm,BCSF,,,,,,11:18:05.0,50.659,4.208,2,3,,,,,,11:18:05.0,50.659,4.2,2,3.0,2.4,3.0
1971-07-14,15:35:43.0,49.823,7.883,2,2.5,sm,BCSF,,,,,,15:35:43.0,49.823,7.883,2,2.5,,,,,,15:35:43.0,49.823,7.88,2,2.5,2.0,2.5
1971-08-03,11:43:40.0,50.37,7.287,2,3.2,sm,BCSF,,,,,,11:43:40.0,50.37,7.287,2,3.2,,,,,,11:43:40.0,50.37,7.28,2,3.2,2.6,3.2
1971-10-30,16:42:23.0,50.626,5.673,30,3,sm,BCSF,,,,,,16:42:23.0,50.626,5.673,30,3,,,,,,16:42:23.0,50.626,5.67,30,3.0,2.4,3.0
1972-06-08,13:25:03.0,49.472,6.568,2,,sm,BCSF,,,,,,13:25:03.0,49.472,6.568,2,,,,,,,13:25:03.0,49.472,6.56,2,,,
1972-08-04,09:14:33.0,50.277,4.613,2,3.3,sm,BCSF,,,,,,09:14:33.0,50.277,4.613,2,3.3,,,,,,09:14:33.0,50.277,4.61,2,3.3,2.7,3.3
1974-01-15,12:17:22.0,50.128,4.757,2,2.9,sm,BCSF,,,,,,12:17:22.0,50.128,4.757,2,2.9,,,,,,12:17:22.0,50.128,4.75,2,2.9,2.3,2.9
1974-02-22,11:13:23.0,49.286,6.724,2,,sm,BCSF,,,,,,11:13:23.0,49.286,6.724,2,,,,,,,11:13:23.0,49.286,6.72,2,,,
1974-04-12,14:29:01.0,51.039,5.282,2,3,sm,BCSF,,,,,,14:29:01.0,51.039,5.282,2,3,,,,,,14:29:01.0,51.039,5.28,2,3.0,2.4,3.0
1974-07-22,16:23:12.0,49.121,5.958,2,3,sm,BCSF,,,,,,16:23:12.0,49.121,5.958,2,3,,,,,,16:23:12.0,49.121,5.95,2,3.0,2.4,3.0
1974-08-01,11:52:12.0,50.199,4.273,2,3,sm,BCSF,,,,,,11:52:12.0,50.199,4.273,2,3,,,,,,11:52:12.0,50.199,4.27,2,3.0,2.4,3.0
1974-11-06,12:28:23.0,49.874,7.996,14,3.3,sm,BCSF,,,,,,12:28:23.0,49.874,7.996,14,3.3,,,,,,12:28:23.0,49.874,7.99,14,3.3,2.7,3.3
1974-12-16,17:53:10.0,49.826,6.677,2,3.3,sm,BCSF,,,,,,17:53:10.0,49.826,6.677,2,3.3,,,,,,17:53:10.0,49.826,6.67,2,3.3,2.7,3.3
1975-10-16,10:15:08.0,50.098,4.636,2,2.8,sm,BCSF,,,,,,10:15:08.0,50.098,4.636,2,2.8,,,,,,10:15:08.0,50.098,4.63,2,2.8,2.2,2.8
1975-10-31,13:29:12.0,49.883,5.151,25,2.9,sm,BCSF,,,,,,13:29:12.0,49.883,5.151,25,2.9,,,,,,13:29:12.0,49.883,5.15,25,2.9,2.3,2.9
1976-03-05,13:26:16.0,50.21,5.196,2,2.6,sm,BCSF,,,,,,13:26:16.0,50.21,5.196,2,2.6,,,,,,13:26:16.0,50.21,5.19,2,2.6,2.1,2.6
1976-04-02,14:09:02.0,50.111,5.26,25,2.7,sm,BCSF,,,,,,14:09:02.0,50.111,5.26,25,2.7,,,,,,14:09:02.0,50.111,5.26,25,2.7,2.2,2.7
1976-05-29,13:32:18.0,50.27,6.729,2,2.8,sm,BCSF,,,,,,13:32:18.0,50.27,6.729,2,2.8,,,,,,13:32:18.0,50.27,6.72,2,2.8,2.2,2.8
1976-12-10,13:15:17.0,50.993,5.452,2,2.7,sm,BCSF,,,,,,13:15:17.0,50.993,5.452,2,2.7,,,,,,13:15:17.0,50.993,5.45,2,2.7,2.2,2.7
1976-12-16,14:45:36.0,50.205,5.601,2,2.9,sm,BCSF,,,,,,14:45:36.0,50.205,5.601,2,2.9,,,,,,14:45:36.0,50.205,5.6,2,2.9,2.3,2.9
1977-05-04,12:19:14.0,50.124,5.459,2,2.7,sm,BCSF,,,,,,12:19:14.0,50.124,5.459,2,2.7,,,,,,12:19:14.0,50.124,5.45,2,2.7,2.2,2.7
1978-01-20,17:55:29.0,50.518,6.588,30,2.4,sm,BCSF,,,,,,17:55:29.0,50.518,6.588,30,2.4,,,,,,17:55:29.0,50.518,6.58,30,2.4,1.9,2.4
1978-06-09,09:48:31.0,50.599,5.741,30,2.8,sm,BCSF,,,,,,09:48:31.0,50.599,5.741,30,2.8,,,,,,09:48:31.0,50.599,5.74,30,2.8,2.2,2.8
1978-07-31,14:14:52.0,49.388,6.711,2,2.3,sm,BCSF,,,,,,14:14:52.0,49.388,6.711,2,2.3,,,,,,14:14:52.0,49.388,6.71,2,2.3,1.8,2.3
1978-09-18,14:23:24.0,50.024,5.107,2,2.6,sm,BCSF,,,,,,14:23:24.0,50.024,5.107,2,2.6,,,,,,14:23:24.0,50.024,5.1,2,2.6,2.1,2.6
1979-04-18,15:35:09.0,50.066,5.142,2,2.9,sm,BCSF,,,,,,15:35:09.0,50.066,5.142,2,2.9,,,,,,15:35:09.0,50.066,5.14,2,2.9,2.3,2.9
1979-04-23,13:22:03.0,50.097,5.121,2,2.8,sm,BCSF,,,,,,13:22:03.0,50.097,5.121,2,2.8,,,,,,13:22:03.0,50.097,5.12,2,2.8,2.2,2.8
1979-05-09,15:41:18.0,50.298,5.479,2,3,sm,BCSF,,,,,,15:41:18.0,50.298,5.479,2,3,,,,,,15:41:18.0,50.298,5.47,2,3.0,2.4,3.0
1979-05-23,13:07:43.0,50.087,5.172,2,2.8,sm,BCSF,,,,,,13:07:43.0,50.087,5.172,2,2.8,,,,,,13:07:43.0,50.087,5.17,2,2.8,2.2,2.8
1979-10-31,12:23:46.0,49.947,5.221,2,2.9,sm,BCSF,,,,,,12:23:46.0,49.947,5.221,2,2.9,,,,,,12:23:46.0,49.947,5.22,2,2.9,2.3,2.9
1980-04-16,14:42:05.0,49.95,5.25,5,3,sm,BCSF,,,,,,14:42:05.0,49.95,5.25,5,3,,,,,,14:42:02.0,50.2,5.5,,3.0,2.4,3.0
1980-04-20,17:30:52.0,50.07,4.62,5,2.7,sm,BCSF,,,,,,17:30:52.0,50.07,4.62,5,2.7,,,,,,17:30:50.0,50.3,4.6,5,2.7,2.2,2.7
1980-05-20,10:21:47.0,50.16,5.05,5,2.9,sm,BCSF,,,,,,10:21:47.0,50.16,5.05,5,2.9,,,,,,10:21:47.0,50,5.2,,2.9,2.3,2.9
1980-06-19,10:17:21.0,49.99,5.1,5,2.9,sm,BCSF,,,,,,10:17:21.0,49.99,5.1,5,2.9,,,,,,10:17:22.0,50,5.2,10,2.9,2.3,2.9
1980-08-05,14:31:03.0,50.22,5.37,5,,sm,BCSF,,,,,,14:31:03.0,50.22,5.37,5,,,,,,,,,,,,,
1980-10-08,15:30:05.0,49.98,5.63,5,3.1,sm,BCSF,,,,,,15:30:05.0,49.98,5.63,5,3.1,,,,,,15:30:01.0,50.1,5.3,,3.1,2.5,3.1
1981-01-26,16:58:39.0,48.88,7.68,5,2.7,sm,BCSF,,,,,,16:58:39.0,48.88,7.68,5,2.7,,,,,,16:58:39.0,48.9,7.5,15,2.7,2.2,2.7
1981-08-10,05:22:49.0,50.27,2.74,5,3.2,sm,BCSF,,,,,,05:22:49.0,50.27,2.74,5,3.2,,,,,,05:22:45.0,40.5,2.9,0,3.2,2.6,3.2
1982-01-18,16:54:09.0,48.5,5.88,5,2.1,sm,BCSF,,,,,,16:54:09.0,48.5,5.88,5,2.1,,,,,,16:54:08.0,48.5,5.8,5,2.1,1.6,2.1
1982-04-02,10:32:52.0,49.22,6.63,1,2.2,sm,BCSF,,,,,,10:32:52.0,49.22,6.63,1,2.2,,,,,,10:32:51.0,49.3,6.6,0,2.2,1.7,2.2
1982-04-02,10:48:27.0,49.17,6.53,1,2.1,sm,BCSF,,,,,,10:48:27.0,49.17,6.53,1,2.1,,,,,,10:48:26.0,49.2,6.5,0,2.1,1.6,2.1
1982-06-27,18:48:13.0,48.55,5.86,5,2.5,sm,BCSF,,,,,,18:48:13.0,48.55,5.86,5,2.5,,,,,,18:48:13.0,48.6,5.9,0,2.5,2.0,2.5
1983-07-06,12:40:59.0,50.07,5.45,5,2.8,sm,BCSF,,,,,,12:40:59.0,50.07,5.45,5,2.8,,,,,,12:40:59.0,40.1,5.4,,2.8,2.2,2.8
1983-08-02,09:01:07.0,49.17,6.83,1,3.4,sm,BCSF,,,,,,09:01:07.0,49.17,6.83,1,3.4,,,,,,09:01:06.0,49.2,6.9,,3.4,2.7,3.4
1983-08-16,13:35:31.0,49.8,5.19,5,2.8,sm,BCSF,,,,,,13:35:31.0,49.8,5.19,5,2.8,,,,,,13:35:32.0,49.9,5.4,,2.8,2.2,2.8
1983-08-31,14:08:38.0,50.18,5.49,5,3.1,sm,BCSF,,,,,,14:08:38.0,50.18,5.49,5,3.1,,,,,,14:08:41.0,50,5.4,,3.1,2.5,3.1
1983-10-12,14:33:00.0,49.84,5.34,5,2.9,sm,BCSF,,,,,,14:33:00.0,49.84,5.34,5,2.9,,,,,,14:33:01.0,49.8,5.4,,2.9,2.3,2.9
1983-12-12,14:18:47.0,49.75,5.47,5,3.7,sm,BCSF,,,,,,14:18:47.0,49.75,5.47,5,3.7,,,,,,14:18:45.0,49.9,5.5,,3.7,3.0,3.7
1984-10-10,09:03:37.0,49.16,6.72,1,3,sm,BCSF,,,,,,09:03:37.0,49.16,6.72,1,3,,,,,,09:03:36.0,49.2,6.8,,3.0,2.4,3.0
1985-04-26,17:32:50.0,49.15,6.58,1,3.2,sm,BCSF,,,,,,17:32:50.0,49.15,6.58,1,3.2,,,,,,17:32:51.0,49.2,6.7,2,3.2,2.6,3.2
1986-04-11,11:50:45.0,49.08,6.63,1,3.3,sm,BCSF,,,,,,11:50:45.0,49.08,6.63,1,3.3,,,,,,11:50:45.0,49.1,6.8,2,3.3,2.7,3.3
1986-05-01,13:25:12.0,49.12,6.71,1,3.8,sm,BCSF,,,,,,13:25:12.0,49.12,6.71,1,3.8,,,,,,13:25:12.0,49.2,6.9,4,3.8,3.1,3.8
1990-04-12,13:25:31.0,49.16,6.82,1,3.5,sm,BCSF,,,,,,13:25:31.0,49.16,6.82,1,3.5,13:25:31.0,49.11,6.86,1,3.5,,,,,,3.0,3.7
1991-02-01,16:46:12.0,49.16,6.84,1,2.7,sm,BCSF,,,,,,16:46:12.0,49.16,6.84,1,2.7,16:46:12.0,49.16,6.84,1,2.7,,,,,,2.4,3.0
1991-02-20,11:42:34.0,49.15,6.82,1,2.5,sm,BCSF,,,,,,11:42:34.0,49.15,6.82,1,2.5,11:42:34.0,49.16,6.82,1,2.5,,,,,,2.3,2.9
1991-02-21,12:26:13.0,49.16,6.81,1,2.4,sm,BCSF,,,,,,12:26:13.0,49.16,6.81,1,2.4,12:26:13.0,49.15,6.82,1,2.4,,,,,,2.2,2.8
1991-05-16,10:44:54.0,49.16,6.83,1,2.9,sm,BCSF,,,,,,10:44:54.0,49.16,6.83,1,2.9,10:44:54.0,49.14,6.84,1,2.9,,,,,,2.6,3.2
1991-05-17,15:03:17.0,49.12,6.86,1,2.6,sm,BCSF,,,,,,15:03:17.0,49.12,6.86,1,2.6,15:03:17.0,49.12,6.87,1,2.6,,,,,,2.4,3.0
1991-05-21,13:06:11.0,49.14,6.82,1,2.8,sm,BCSF,,,,,,13:06:11.0,49.14,6.82,1,2.8,13:06:11.0,49.12,6.85,1,2.8,,,,,,2.5,3.1
1991-05-24,16:14:17.0,49.16,6.8,1,2.6,sm,BCSF,,,,,,16:14:17.0,49.16,6.8,1,2.6,16:14:17.0,49.16,6.81,1,2.6,,,,,,2.4,3.0
1991-05-27,14:23:03.0,49.14,6.84,1,2.6,sm,BCSF,,,,,,14:23:03.0,49.14,6.84,1,2.6,14:23:03.0,49.12,6.86,1,2.6,,,,,,2.4,3.0
1991-05-28,10:49:11.0,49.11,6.85,1,2.5,sm,BCSF,,,,,,10:49:11.0,49.11,6.85,1,2.5,10:49:12.0,49.11,6.88,1,2.5,,,,,,2.3,2.9
1991-05-29,09:18:19.0,49.13,6.86,1,2.8,sm,BCSF,,,,,,09:18:19.0,49.13,6.86,1,2.8,09:18:19.0,49.12,6.87,1,2.8,,,,,,2.5,3.1
1991-05-31,13:34:47.0,49.13,6.87,1,2.5,sm,BCSF,,,,,,13:34:47.0,49.13,6.87,1,2.5,13:34:47.0,49.13,6.87,1,2.5,,,,,,2.3,2.9
1991-06-09,17:00:07.0,48.51,6.1,5,1.7,sm,BCSF,,,,,,17:00:07.0,48.51,6.1,5,1.7,17:00:06.0,48.51,6.08,10,1.7,17:00:05.0,48.53,5.95,7,2.3,1.8,2.3
1991-06-14,14:08:10.0,49.14,6.87,1,2.7,sm,BCSF,,,,,,14:08:10.0,49.14,6.87,1,2.7,14:08:10.0,49.14,6.88,1,2.7,,,,,,2.4,3.0
1991-06-17,14:07:35.0,49.08,6.84,1,2.3,sm,BCSF,,,,,,14:07:35.0,49.08,6.84,1,2.3,14:07:35.0,49.08,6.83,1,2.3,,,,,,2.2,2.7
1991-07-12,13:05:26.0,49.13,6.9,1,2.5,sm,BCSF,,,,,,13:05:26.0,49.13,6.9,1,2.5,13:05:25.0,49.13,6.89,1,2.5,,,,,,2.3,2.9
1991-07-15,17:18:20.0,49.13,6.87,1,2.2,sm,BCSF,,,,,,17:18:20.0,49.13,6.87,1,2.2,17:18:20.0,49.12,6.87,1,2.2,,,,,,2.1,2.7
1991-07-17,17:50:28.0,49.13,6.87,1,2.5,sm,BCSF,,,,,,17:50:28.0,49.13,6.87,1,2.5,17:50:28.0,49.13,6.87,1,2.5,,,,,,2.3,2.9
1993-02-11,17:07:22.0,49.11,6.83,1,2.5,sm,BCSF,,,,,,17:07:22.0,49.11,6.83,1,2.5,17:07:22.0,49.12,6.83,1,2.5,,,,,,2.3,2.9
1993-02-14,16:28:09.0,49.16,6.84,1,2.7,sm,BCSF,,,,,,16:28:09.0,49.16,6.84,1,2.7,16:28:09.0,49.15,6.84,1,2.7,,,,,,2.4,3.0
1993-02-20,10:21:44.0,49.09,6.87,1,3.3,sm,BCSF,,,,,,10:21:44.0,49.09,6.87,1,3.3,10:21:43.0,49.11,6.85,1,3.3,,,,,,2.8,3.5
1993-02-22,16:58:09.0,49.19,6.85,1,2.5,sm,BCSF,,,,,,16:58:09.0,49.19,6.85,1,2.5,16:58:09.0,49.19,6.88,1,2.5,,,,,,2.3,2.9
1993-03-05,14:50:51.0,49.12,6.84,1,2.6,sm,BCSF,,,,,,14:50:51.0,49.12,6.84,1,2.6,14:50:51.0,49.12,6.84,1,2.6,,,,,,2.4,3.0
1993-03-09,12:23:20.0,49.19,6.83,1,2.8,sm,BCSF,,,,,,12:23:20.0,49.19,6.83,1,2.8,12:23:21.0,49.18,6.83,1,2.8,,,,,,2.5,3.1
1993-03-15,17:53:47.0,49.22,6.83,1,2.9,sm,BCSF,,,,,,17:53:47.0,49.22,6.83,1,2.9,17:53:47.0,49.21,6.84,1,2.9,,,,,,2.6,3.2
1993-03-29,13:40:59.0,49.2,6.81,1,2.8,sm,BCSF,,,,,,13:40:59.0,49.2,6.81,1,2.8,13:40:59.0,49.19,6.85,1,2.8,,,,,,2.5,3.1
1993-04-21,12:05:04.0,50.25,6.19,10,3,sm,BCSF,,,,,,12:05:04.0,50.25,6.19,10,3,,,,,,12:05:02.0,50.4,6.1,7,3.0,2.4,3.0
1993-04-22,13:58:13.0,49.15,6.82,1,2.9,sm,BCSF,,,,,,13:58:13.0,49.15,6.82,1,2.9,13:58:13.0,49.15,6.83,1,2.9,,,,,,2.6,3.2
1993-05-15,12:39:27.0,49.72,8,5,2.6,sm,BCSF,,,,,,12:39:27.0,49.72,8,5,2.6,,,,,,12:39:26.0,49.8,8.1,7,2.6,2.1,2.6
1993-06-05,14:45:43.0,49.18,6.79,1,3.2,sm,BCSF,,,,,,14:45:43.0,49.18,6.79,1,3.2,14:45:43.0,49.16,6.76,1,3.2,,,,,,2.8,3.4
1993-06-23,09:31:38.0,49.2,6.89,1,2.5,sm,BCSF,,,,,,09:31:38.0,49.2,6.89,1,2.5,09:31:38.0,49.19,6.88,1,2.5,,,,,,2.3,2.9
1993-07-02,09:39:15.0,49.18,6.84,1,2.5,sm,BCSF,,,,,,09:39:15.0,49.18,6.84,1,2.5,09:39:16.0,49.17,6.84,1,2.5,,,,,,2.3,2.9
1993-07-06,15:58:29.0,49.12,6.81,1,3,sm,BCSF,,,,,,15:58:29.0,49.12,6.81,1,3,15:58:29.0,49.12,6.85,1,3,,,,,,2.6,3.3
1993-08-03,09:01:34.0,49.12,6.72,1,3.6,sm,BCSF,,,,,,09:01:34.0,49.12,6.72,1,3.6,09:01:35.0,49.12,6.79,1,3.6,09:01:35.0,49.1,6.9,2,3.8,3.1,3.8
1993-08-05,16:57:57.0,49.92,5.59,5,2.5,sm,BCSF,,,,,,16:57:57.0,49.92,5.59,5,2.5,,,,,,16:57:54.0,50.1,5.4,2,2.5,2.0,2.5
1993-09-01,17:48:31.0,49.18,6.82,1,2.5,sm,BCSF,,,,,,17:48:31.0,49.18,6.82,1,2.5,17:48:31.0,49.16,6.83,1,2.5,,,,,,2.3,2.9
1993-09-03,15:46:39.0,49.17,6.83,1,2.6,sm,BCSF,,,,,,15:46:39.0,49.17,6.83,1,2.6,15:46:39.0,49.16,6.83,1,2.6,,,,,,2.4,3.0
1993-09-07,15:04:35.0,49.18,6.82,1,2.6,sm,BCSF,,,,,,15:04:35.0,49.18,6.82,1,2.6,15:04:35.0,49.16,6.83,1,2.6,,,,,,2.4,3.0
1993-09-17,10:34:53.0,49.12,6.8,1,2.6,sm,BCSF,,,,,,10:34:53.0,49.12,6.8,1,2.6,10:34:53.0,49.12,6.82,1,2.6,,,,,,2.4,3.0
1993-09-17,11:00:01.0,49.11,6.85,1,2.6,sm,BCSF,,,,,,11:00:01.0,49.11,6.85,1,2.6,11:00:01.0,49.11,6.85,1,2.6,,,,,,2.4,3.0
1993-09-21,13:00:15.0,49.1,6.84,1,2.6,sm,BCSF,,,,,,13:00:15.0,49.1,6.84,1,2.6,13:00:15.0,49.1,6.85,1,2.6,,,,,,2.4,3.0
1993-10-08,17:58:10.0,49.14,6.82,1,2.5,sm,BCSF,,,,,,17:58:10.0,49.14,6.82,1,2.5,17:58:10.0,49.14,6.83,1,2.5,,,,,,2.3,2.9
1993-10-20,16:11:57.0,49.16,6.81,1,2.6,sm,BCSF,,,,,,16:11:57.0,49.16,6.81,1,2.6,16:11:57.0,49.16,6.81,1,2.6,,,,,,2.4,3.0
1993-11-18,12:24:57.0,49.16,6.9,1,3.1,sm,BCSF,,,,,,12:24:57.0,49.16,6.9,1,3.1,12:24:57.0,49.15,6.87,1,3.1,,,,,,2.7,3.4
1993-11-21,12:12:30.0,49.8,7.77,5,2.4,sm,BCSF,,,,,,12:12:30.0,49.8,7.77,5,2.4,,,,,,12:12:28.0,49.9,8,10,2.4,1.9,2.4
1993-11-25,09:51:31.0,49.95,7.5,5,2.9,sm,BCSF,,,,,,09:51:31.0,49.95,7.5,5,2.9,,,,,,09:51:28.0,50.1,7.8,6,2.9,2.3,2.9
1993-12-12,09:25:17.0,49.12,6.75,1,2.8,sm,BCSF,,,,,,09:25:17.0,49.12,6.75,1,2.8,09:25:17.0,49.12,6.75,1,2.8,,,,,,2.5,3.1
1993-12-22,09:18:53.0,49.13,6.8,1,2.8,sm,BCSF,,,,,,09:18:53.0,49.13,6.8,1,2.8,09:18:53.0,49.13,6.81,1,2.8,,,,,,2.5,3.1
1994-01-21,10:16:27.0,49.15,6.87,1,2.5,sm,BCSF,,,,,,10:16:27.0,49.15,6.87,1,2.5,10:16:27.0,49.14,6.91,1,2.5,,,,,,2.3,2.9
1994-01-24,16:34:40.0,49.17,6.77,1,2.4,sm,BCSF,,,,,,16:34:40.0,49.17,6.77,1,2.4,16:34:40.0,49.17,6.82,1,2.4,,,,,,2.2,2.8
1994-02-09,11:21:02.0,49.14,6.84,1,3,sm,BCSF,,,,,,11:21:02.0,49.14,6.84,1,3,11:21:02.0,49.14,6.83,1,3,,,,,,2.6,3.3
1994-06-04,14:39:41.0,49.14,6.9,1,2.7,sm,BCSF,,,,,,14:39:41.0,49.14,6.9,1,2.7,14:39:42.0,49.1,6.96,1,2.7,,,,,,2.4,3.0
1994-06-20,15:18:12.0,49.15,6.86,1,3,sm,BCSF,,,,,,15:18:12.0,49.15,6.86,1,3,15:18:12.0,49.15,6.88,1,3,,,,,,2.6,3.3
1995-06-02,16:18:11.0,49.35,6.88,1,1.7,sm,BCSF,,,,,,16:18:11.0,49.35,6.88,1,1.7,16:18:11.0,49.35,6.88,1,1.7,,,,,,1.8,2.3
1995-06-27,17:00:13.0,49,7.84,5,1.6,sm,BCSF,,,,,,17:00:13.0,49,7.84,5,1.6,17:00:13.0,49.03,7.77,2,1.6,,,,,,1.7,2.2
1996-02-26,12:39:49.0,49.15,6.75,1,3,sm,BCSF,,,,,,12:39:49.0,49.15,6.75,1,3,12:39:50.0,49.14,6.81,1,3,,,,,,2.6,3.3
1996-03-22,14:28:42.0,49.14,6.86,1,3.2,sm,BCSF,,,,,,14:28:42.0,49.14,6.86,1,3.2,14:28:41.0,49.14,6.84,1,3.2,,,,,,2.8,3.4
1996-03-28,15:14:41.0,49.34,6.8,1,2.6,sm,BCSF,,,,,,15:14:41.0,49.34,6.8,1,2.6,15:14:41.0,49.34,6.8,1,2.6,,,,,,2.4,3.0
1996-10-23,10:19:57.0,51.5068,6.471,10.1,,sm,ORB,10:19:57.0,51.5068,6.471,10.1,,,,,,,,,,,,,,,,,,
1997-02-16,16:40:13.0,49.33,6.86,1,2.6,sm,BCSF,,,,,,16:40:13.0,49.33,6.86,1,2.6,16:40:13.0,49.32,6.86,1,2.6,,,,,,2.4,3.0
1997-06-18,13:19:29.0,49.36,6.88,1,2.9,sm,BCSF,,,,,,13:19:29.0,49.36,6.88,1,2.9,13:19:29.0,49.35,6.89,1,2.9,,,,,,2.6,3.2
1997-07-25,15:24:48.0,49.37,6.85,1,2.6,sm,BCSF,,,,,,15:24:48.0,49.37,6.85,1,2.6,15:24:48.0,49.36,6.86,1,2.6,,,,,,2.4,3.0
1997-09-03,09:28:02.0,49.45,5.96,10,2.3,sm,BCSF,,,,,,09:28:02.0,49.45,5.96,10,2.3,09:28:01.0,49.48,5.91,2,2.3,09:28:02.0,49.5,6,2,2.5,2.1,2.6
1997-10-20,15:38:52.0,49.15,6.73,1,2.8,sm,BCSF,,,,,,15:38:52.0,49.15,6.73,1,2.8,15:38:52.0,49.15,6.74,1,2.8,,,,,,2.5,3.1
1997-11-11,10:07:41.0,49.43,5.95,5,2,sm,BCSF,,,,,,10:07:41.0,49.43,5.95,5,2,10:07:40.0,49.46,5.89,1,2,10:07:41.0,49.5,6,2,2.4,1.9,2.5
1997-12-20,09:31:01.0,49.45,5.98,5,2.1,sm,BCSF,,,,,,09:31:01.0,49.45,5.98,5,2.1,09:31:00.0,49.49,5.94,2,2.1,09:31:01.0,49.5,6,2,2.4,2.0,2.5
1998-03-03,12:16:43.0,51.36,6.51,5,2.8,sm,BCSF,,,,,,12:16:43.0,51.36,6.51,5,2.8,12:16:42.0,51.54,7.3,10,2.8,12:16:45.0,51.3,6.5,2,3.0,2.5,3.1
1998-03-25,14:11:21.0,50.18,7.19,5,1.7,sm,BCSF,,,,,,14:11:21.0,50.18,7.19,5,1.7,14:11:21.0,50.18,7.19,2,1.7,,,,,,1.8,2.3
1998-05-09,17:44:35.0,50.36,7.32,5,1.8,sm,BCSF,,,,,,17:44:35.0,50.36,7.32,5,1.8,17:44:37.0,50.3,7.47,2,1.8,17:44:35.0,50.3,7.3,2,2.5,1.9,2.4
1998-05-31,09:57:14.0,50.96,6.01,5,2.5,sm,BCSF,,,,,,09:57:14.0,50.96,6.01,5,2.5,,,,,,09:57:11.0,51.2,6,2,2.5,2.0,2.5
1999-02-21,10:42:05.0,49.85,6.91,5,2.2,sm,BCSF,,,,,,10:42:05.0,49.85,6.91,5,2.2,10:42:07.0,49.8,7.05,1,2.2,10:42:06.0,49.8,6.8,2,2.5,2.0,2.6
1999-03-08,09:10:42.0,49.14,6.85,1,2.8,sm,BCSF,,,,,,09:10:42.0,49.14,6.85,1,2.8,09:10:42.0,49.14,6.85,1,2.8,,,,,,2.5,3.1
1999-09-08,11:19:43.0,49.52,6.56,1,2.5,sm,BCSF,,,,,,11:19:43.0,49.52,6.56,1,2.5,11:19:43.0,49.53,6.68,1,2.5,11:19:42.0,49.6,6.7,2,2.8,2.3,2.8
1999-10-31,09:19:16.0,48.76,5.67,5,2.2,sm,BCSF,,,,,,09:19:16.0,48.76,5.67,5,2.2,,,,,,09:19:17.0,48.7,5.7,14,2.2,1.7,2.2
2000-04-13,16:07:00.0,49.16,6.85,1,2.7,sm,BCSF,,,,,,16:07:00.0,49.16,6.85,1,2.7,16:06:59.0,49.16,6.83,1,2.7,,,,,,2.4,3.0
2000-05-27,10:32:16.0,49.14,6.8,1,2.5,sm,BCSF,,,,,,10:32:16.0,49.14,6.8,1,2.5,10:32:17.0,49.14,6.87,1,2.5,10:32:17.0,49.11,6.8,1,2.7,2.2,2.8
2000-07-01,11:19:26.0,48.96,7.88,2,2,sm,BCSF,,,,,,11:19:26.0,48.96,7.88,2,2,11:19:26.0,48.96,7.88,1,2,11:19:25.0,48.95,7.63,2,2.2,1.9,2.4
2000-07-01,16:30:49.0,48.97,7.88,2,1.9,sm,BCSF,,,,,,16:30:49.0,48.97,7.88,2,1.9,16:30:49.0,48.97,7.88,,1.9,,,,,,1.9,2.4
2000-07-01,17:09:28.0,48.97,7.88,2,2.1,sm,BCSF,,,,,,17:09:28.0,48.97,7.88,2,2.1,17:09:28.0,48.96,7.88,1,2.1,17:09:29.0,48.63,8.11,2,2.2,1.9,2.4
2000-07-02,13:41:12.0,48.93,7.87,2,1.9,sm,BCSF,,,,,,13:41:12.0,48.93,7.87,2,1.9,13:41:12.0,48.93,7.87,1,1.9,13:41:12.0,48.91,7.87,2,2.2,1.8,2.3
2000-07-02,17:15:59.0,48.96,7.88,2,2.2,sm,BCSF,,,,,,17:15:59.0,48.96,7.88,2,2.2,17:15:59.0,48.96,7.88,1,2.2,17:15:59.0,48.92,7.84,2,2.3,2.0,2.5
2000-07-02,17:25:17.0,48.96,7.87,2,2,sm,BCSF,,,,,,17:25:17.0,48.96,7.87,2,2,17:25:17.0,48.96,7.87,2,2,17:25:16.0,48.89,7.82,2,2.1,1.8,2.3
2000-07-03,09:23:11.0,48.94,7.87,2,2.2,sm,BCSF,,,,,,09:23:11.0,48.94,7.87,2,2.2,09:23:11.0,48.94,7.87,3,2.2,09:23:11.0,48.91,7.84,2,2.5,2.0,2.6
2000-07-03,12:03:40.0,48.95,7.87,2,2.1,sm,BCSF,,,,,,12:03:40.0,48.95,7.87,2,2.1,12:03:40.0,48.94,7.87,3,2.1,12:03:40.0,48.91,7.87,2,2.5,2.0,2.5
2000-07-04,12:15:42.0,48.97,7.87,2,2.1,sm,BCSF,,,,,,12:15:42.0,48.97,7.87,2,2.1,12:15:42.0,48.97,7.87,2,2.1,12:15:41.0,48.89,7.79,2,2.4,2.0,2.5
2000-07-04,14:48:07.0,48.96,7.87,2,2,sm,BCSF,,,,,,14:48:07.0,48.96,7.87,2,2,14:48:07.0,48.96,7.87,1,2,14:48:06.0,48.93,7.87,9,2.2,1.9,2.4
2000-07-04,17:59:14.0,48.93,7.85,2,1.9,sm,BCSF,,,,,,17:59:14.0,48.93,7.85,2,1.9,17:59:15.0,48.97,7.87,2,1.9,17:59:14.0,48.91,7.85,2,1.9,1.7,2.2
2000-07-05,10:10:14.0,49.01,7.9,5,2.1,sm,BCSF,,,,,,10:10:14.0,49.01,7.9,5,2.1,10:10:15.0,48.99,7.89,1,2.1,,,,,,2.0,2.6
2000-07-06,10:24:36.0,48.96,7.88,2,2,sm,BCSF,,,,,,10:24:36.0,48.96,7.88,2,2,10:24:36.0,48.96,7.88,2,2,10:24:36.0,48.94,7.87,2,2.2,1.9,2.4
2000-07-06,10:59:12.0,48.97,7.88,2,2,sm,BCSF,,,,,,10:59:12.0,48.97,7.88,2,2,10:59:12.0,48.97,7.88,2,2,10:59:12.0,48.95,7.86,2,2.2,1.9,2.4
2000-07-06,14:13:17.0,48.94,7.87,2,1.9,sm,BCSF,,,,,,14:13:17.0,48.94,7.87,2,1.9,14:13:17.0,48.94,7.88,3,1.9,14:13:17.0,48.92,7.84,2,2.3,1.9,2.4
2000-07-06,15:09:03.0,48.95,7.87,2,2.1,sm,BCSF,,,,,,15:09:03.0,48.95,7.87,2,2.1,15:09:03.0,48.95,7.87,2,2.1,15:09:03.0,48.93,7.85,2,2.3,1.9,2.4
2000-07-11,11:42:42.0,48.98,7.88,2,2.1,sm,BCSF,,,,,,11:42:42.0,48.98,7.88,2,2.1,11:42:42.0,48.98,7.88,2,2.1,,,,,,2.0,2.6
2000-07-12,15:11:43.0,48.91,7.83,2,1.9,sm,BCSF,,,,,,15:11:43.0,48.91,7.83,2,1.9,15:11:43.0,48.98,7.89,2,1.9,15:11:43.0,48.96,7.87,7,2.3,1.9,2.4
2000-07-15,11:07:05.0,50.42,6.71,5,2.3,sm,BCSF,,,,,,11:07:05.0,50.42,6.71,5,2.3,11:07:02.0,50.51,6.5,2,2.3,11:07:07.0,50.36,6.71,1,2.6,2.1,2.7
2000-07-17,11:10:07.0,48.96,7.87,2,1.9,sm,BCSF,,,,,,11:10:07.0,48.96,7.87,2,1.9,11:10:07.0,48.96,7.87,2,1.9,,,,,,1.9,2.4
2000-07-21,12:59:10.0,49.55,6.59,1,2.7,sm,BCSF,,,,,,12:59:10.0,49.55,6.59,1,2.7,,,,,,12:59:09.0,49.67,6.86,1,2.7,2.2,2.7
2000-07-25,09:06:45.0,48.95,7.87,2,2.3,sm,BCSF,,,,,,09:06:45.0,48.95,7.87,2,2.3,09:06:45.0,48.95,7.86,3,2.3,,,,,,2.2,2.7
2000-07-26,12:25:32.0,49.81,7.19,5,2.7,sm,BCSF,,,,,,12:25:32.0,49.81,7.19,5,2.7,,,,,,12:25:29.0,49.98,7.56,8,2.7,2.2,2.7
2000-08-17,14:40:05.0,48.55,6.91,5,2.2,sm,BCSF,,,,,,14:40:05.0,48.55,6.91,5,2.2,14:40:04.0,48.57,6.91,5,2.2,,,,,,2.1,2.7
2000-08-20,12:29:38.0,49.15,6.81,1,2.4,sm,BCSF,,,,,,12:29:38.0,49.15,6.81,1,2.4,12:29:38.0,49.15,6.81,1,2.4,12:29:38.0,49.15,6.84,1,2.9,2.3,2.9
2000-09-02,10:59:36.0,50.32,7.83,10,3,sm,BCSF,,,,,,10:59:36.0,50.32,7.83,10,3,,,,,,10:59:31.0,50.55,8.16,1,3.0,2.4,3.0
2000-09-07,10:28:54.0,49.13,6.83,1,2.4,sm,BCSF,,,,,,10:28:54.0,49.13,6.83,1,2.4,10:28:54.0,49.13,6.86,1,2.4,10:28:54.0,49.18,6.8,1,2.8,2.2,2.8
2000-10-11,14:44:39.0,49.14,6.77,1,2.6,sm,BCSF,,,,,,14:44:39.0,49.14,6.77,1,2.6,14:44:39.0,49.16,6.82,1,2.6,14:44:39.0,49.15,6.87,1,3.1,2.4,3.0
2000-10-13,16:39:36.0,49.16,6.77,1,1.8,sm,BCSF,,,,,,16:39:36.0,49.16,6.77,1,1.8,16:39:36.0,49.16,6.81,1,1.8,16:39:36.0,49.12,6.67,1,2.4,1.9,2.4
2000-12-17,12:56:11.0,48.98,6.49,5,2.1,sm,BCSF,,,,,,12:56:11.0,48.98,6.49,5,2.1,,,,,,12:56:08.0,49.13,6.69,1,2.1,1.6,2.1
2001-02-22,11:53:02.0,49.36,6.8,1,2.6,sm,BCSF,,,,,,11:53:02.0,49.36,6.8,1,2.6,11:53:02.0,47.66,5.24,1,2.6,11:53:01.0,49.44,6.96,1,2.9,2.4,2.9
2001-02-27,16:07:22.0,49.37,6.86,1,2.7,sm,BCSF,,,,,,16:07:22.0,49.37,6.86,1,2.7,16:07:22.0,49.37,6.86,1,2.7,16:07:23.0,49.33,6.83,1,3.0,2.4,3.0
2001-03-16,10:13:54.0,49.15,6.84,1,3.3,sm,BCSF,,,,,,10:13:54.0,49.15,6.84,1,3.3,10:13:54.0,49.15,6.85,1,3.3,10:13:55.0,49.14,6.86,1,3.7,2.9,3.6
2001-04-11,10:49:57.0,49.36,6.93,1,2.5,sm,BCSF,,,,,,10:49:57.0,49.36,6.93,1,2.5,10:49:56.0,49.35,6.91,1,2.5,10:49:56.0,49.39,6.91,1,2.9,2.3,2.9
2001-04-29,17:23:31.0,49.16,6.8,1,2.3,sm,BCSF,,,,,,17:23:31.0,49.16,6.8,1,2.3,17:23:31.0,49.15,6.81,1,2.3,17:23:32.0,49.1,6.71,1,2.7,2.2,2.7
2001-05-12,09:41:22.0,49.15,6.83,1,2.2,sm,BCSF,,,,,,09:41:22.0,49.15,6.83,1,2.2,09:41:22.0,49.14,6.88,1,2.2,09:41:20.0,49.24,6.9,1,2.5,2.0,2.6
2001-05-23,16:45:18.0,49.15,6.82,1,2.7,sm,BCSF,,,,,,16:45:18.0,49.15,6.82,1,2.7,16:45:19.0,49.15,6.83,1,2.7,16:45:19.0,49.13,6.86,1,3.4,2.6,3.2
2001-06-04,17:16:49.0,49.38,6.92,1,1.9,sm,BCSF,,,,,,17:16:49.0,49.38,6.92,1,1.9,17:16:49.0,49.37,6.91,1,1.9,17:16:50.0,49.33,6.81,1,2.2,1.8,2.3
2001-06-11,13:40:00.0,49.14,6.8,1,2.4,sm,BCSF,,,,,,13:40:00.0,49.14,6.8,1,2.4,13:40:00.0,49.13,6.86,1,2.4,13:39:59.0,49.2,6.89,1,2.8,2.2,2.8
2001-06-12,09:40:34.0,49.14,6.83,1,2.3,sm,BCSF,,,,,,09:40:34.0,49.14,6.83,1,2.3,09:40:35.0,49.15,6.83,1,2.3,09:40:35.0,49.12,6.82,1,3.0,2.3,2.9
2001-07-04,12:10:22.0,49.16,6.85,1,2.6,sm,BCSF,,,,,,12:10:22.0,49.16,6.85,1,2.6,12:10:22.0,49.15,6.85,1,2.6,12:10:23.0,49.16,6.83,1,3.1,2.4,3.0
2001-07-17,11:07:31.0,49.37,6.84,1,2.3,sm,BCSF,,,,,,11:07:31.0,49.37,6.84,1,2.3,11:07:30.0,49.37,6.85,1,2.3,11:07:31.0,49.35,6.74,1,2.7,2.2,2.7
2001-07-23,11:58:25.0,49.38,6.87,1,2.3,sm,BCSF,,,,,,11:58:25.0,49.38,6.87,1,2.3,11:58:25.0,49.38,6.84,1,2.3,11:58:25.0,49.39,6.83,1,2.8,2.2,2.8
2001-07-29,10:01:40.0,49.37,6.81,1,2.6,sm,BCSF,,,,,,10:01:40.0,49.37,6.81,1,2.6,10:01:40.0,49.36,6.82,1,2.6,10:01:42.0,49.31,6.68,1,2.9,2.4,2.9
2001-08-10,17:18:08.0,49.38,6.77,1,2.1,sm,BCSF,,,,,,17:18:08.0,49.38,6.77,1,2.1,17:18:08.0,49.37,6.79,1,2.1,17:18:09.0,49.36,6.91,1,2.8,2.1,2.7
2001-08-17,11:48:27.0,49.36,6.94,1,2.4,sm,BCSF,,,,,,11:48:27.0,49.36,6.94,1,2.4,11:48:27.0,49.34,6.95,1,2.4,11:48:27.0,49.38,6.83,1,2.8,2.2,2.8
2001-08-23,13:39:14.0,49.39,6.8,1,2.5,sm,BCSF,,,,,,13:39:14.0,49.39,6.8,1,2.5,13:39:14.0,49.39,6.84,1,2.5,,,,,,2.3,2.9
2001-08-27,14:43:08.0,49.36,6.93,1,2.5,sm,BCSF,,,,,,14:43:08.0,49.36,6.93,1,2.5,14:43:08.0,49.35,6.92,1,2.5,,,,,,2.3,2.9
2001-09-25,16:48:41.0,49.36,6.9,1,3.3,sm,BCSF,,,,,,16:48:41.0,49.36,6.9,1,3.3,16:48:41.0,49.36,6.88,1,3.3,16:48:41.0,49.38,6.96,1,3.9,3.0,3.7
2001-09-30,09:01:31.0,49.37,6.81,1,2.3,sm,BCSF,,,,,,09:01:31.0,49.37,6.81,1,2.3,09:01:31.0,49.36,6.84,1,2.3,09:01:32.0,49.35,6.88,1,2.6,2.1,2.7
2001-10-13,13:39:24.0,49.37,6.84,1,2.4,sm,BCSF,,,,,,13:39:24.0,49.37,6.84,1,2.4,13:39:24.0,49.36,6.86,1,2.4,13:39:25.0,49.36,6.86,1,2.8,2.2,2.8
2001-10-23,13:25:19.0,50.12,7.22,5,2,sm,BCSF,,,,,,13:25:19.0,50.12,7.22,5,2,13:25:21.0,50.08,7.31,2,2,13:25:19.0,50.12,7.23,1,2.6,2.0,2.6
2001-11-01,12:20:55.0,49.37,6.9,1,2.3,sm,BCSF,,,,,,12:20:55.0,49.37,6.9,1,2.3,12:20:55.0,49.38,6.89,1,2.3,12:20:55.0,49.36,6.87,1,2.7,2.2,2.7
2001-11-06,11:03:26.0,49.35,6.89,1,2.3,sm,BCSF,,,,,,11:03:26.0,49.35,6.89,1,2.3,11:03:26.0,49.39,6.9,1,2.3,11:03:26.0,49.37,6.91,1,2.7,2.2,2.7
2001-12-08,17:44:31.0,49.37,6.88,1,2.4,sm,BCSF,,,,,,17:44:31.0,49.37,6.88,1,2.4,17:44:31.0,49.36,6.89,1,2.4,17:44:31.0,49.36,6.89,1,2.6,2.2,2.7
2001-12-12,12:20:19.0,49.35,6.8,1,2.2,sm,BCSF,,,,,,12:20:19.0,49.35,6.8,1,2.2,12:20:19.0,49.36,6.85,1,2.2,12:20:19.0,49.36,6.88,1,2.7,2.1,2.7
2001-12-19,12:38:04.0,49.39,6.85,1,2.5,sm,BCSF,,,,,,12:38:04.0,49.39,6.85,1,2.5,12:38:04.0,49.38,6.86,1,2.5,12:38:04.0,49.36,6.9,1,2.9,2.3,2.9
2001-12-27,16:02:58.0,49.36,6.86,1,2.3,sm,BCSF,,,,,,16:02:58.0,49.36,6.86,1,2.3,16:02:58.0,49.37,6.9,1,2.3,16:02:58.0,49.38,6.84,1,2.7,2.2,2.7
2001-12-30,09:38:23.0,49.36,6.91,1,2.1,sm,BCSF,,,,,,09:38:23.0,49.36,6.91,1,2.1,09:38:23.0,49.36,6.89,1,2.1,09:38:23.0,49.37,6.93,1,2.3,1.9,2.4
2002-01-06,16:41:29.0,49.38,6.85,1,2,sm,BCSF,,,,,,16:41:29.0,49.38,6.85,1,2,16:41:29.0,49.39,6.87,1,2,16:41:29.0,49.36,6.87,1,2.3,1.9,2.4
2002-01-07,12:15:08.0,49.38,6.91,1,2.5,sm,BCSF,,,,,,12:15:08.0,49.38,6.91,1,2.5,12:15:08.0,49.37,6.9,1,2.5,12:15:08.0,49.37,6.88,1,2.8,2.3,2.8
2002-01-31,14:30:46.0,49.89,7.47,5,2.5,sm,BCSF,,,,,,14:30:46.0,49.89,7.47,5,2.5,14:30:46.0,49.88,7.48,1,2.5,14:30:46.0,49.91,7.45,6,2.8,2.3,2.8
2002-02-02,09:21:15.0,49.32,6.76,1,2.6,sm,BCSF,,,,,,09:21:15.0,49.32,6.76,1,2.6,,,,,,09:21:15.0,49.36,6.88,1,2.6,2.1,2.6
2002-02-17,12:26:11.0,49.17,7.94,20,2.2,sm,BCSF,,,,,,12:26:11.0,49.17,7.94,20,2.2,12:26:12.0,49.18,7.9,10,2.2,12:26:11.0,49.18,7.94,25,2.5,2.0,2.6
2002-03-02,11:07:20.0,50.35,6.63,5,1.9,sm,BCSF,,,,,,11:07:20.0,50.35,6.63,5,1.9,11:07:19.0,50.35,6.56,5,1.9,11:07:19.0,50.4,6.69,5,2.7,2.0,2.6
2002-03-26,17:40:45.0,49.37,6.92,1,2.3,sm,BCSF,,,,,,17:40:45.0,49.37,6.92,1,2.3,17:40:45.0,49.37,6.91,1,2.3,17:40:45.0,49.37,6.89,1,2.6,2.1,2.7
2002-03-28,12:56:14.0,49.38,6.84,1,2.5,sm,BCSF,,,,,,12:56:14.0,49.38,6.84,1,2.5,12:56:14.0,49.37,6.85,1,2.5,,,,,,2.3,2.9
2002-04-03,15:45:19.0,49.33,6.76,1,2.8,sm,BCSF,,,,,,15:45:19.0,49.33,6.76,1,2.8,,,,,,15:45:19.0,49.36,6.89,1,2.8,2.2,2.8
2002-04-06,10:18:56.0,49.36,6.94,1,2.5,sm,BCSF,,,,,,10:18:56.0,49.36,6.94,1,2.5,10:18:56.0,49.37,6.91,1,2.5,10:18:56.0,49.36,6.9,1,2.8,2.3,2.8
2002-04-11,16:12:47.0,49.33,6.83,1,2.7,sm,BCSF,,,,,,16:12:47.0,49.33,6.83,1,2.7,,,,,,16:12:47.0,49.35,6.88,1,2.7,2.2,2.7
2002-04-14,14:55:29.0,49.43,6.73,1,2.1,sm,BCSF,,,,,,14:55:29.0,49.43,6.73,1,2.1,,,,,,14:55:29.0,49.44,6.8,1,2.1,1.6,2.1
2002-04-19,16:39:27.0,49.32,6.85,1,2.6,sm,BCSF,,,,,,16:39:27.0,49.32,6.85,1,2.6,,,,,,16:39:27.0,49.36,6.87,1,2.6,2.1,2.6
2002-04-20,10:00:58.0,49.33,6.84,1,2.7,sm,BCSF,,,,,,10:00:58.0,49.33,6.84,1,2.7,,,,,,10:00:58.0,49.37,6.85,1,2.7,2.2,2.7
2002-05-12,13:10:39.0,50.2,4.47,5,2.1,sm,BCSF,,,,,,13:10:39.0,50.2,4.47,5,2.1,,,,,,13:10:36.0,50.36,4.47,13,2.1,1.6,2.1
2002-05-18,16:14:49.0,49.34,6.88,1,2.9,sm,BCSF,,,,,,16:14:49.0,49.34,6.88,1,2.9,16:14:49.0,49.35,6.92,1,2.9,16:14:48.0,49.38,6.9,1,3.1,2.5,3.1
2002-06-09,12:14:59.0,49.33,6.76,1,2.3,sm,BCSF,,,,,,12:14:59.0,49.33,6.76,1,2.3,,,,,,12:15:00.0,49.36,6.83,1,2.3,1.8,2.3
2002-06-22,10:25:47.0,48.82,7.42,10,1.6,sm,BCSF,,,,,,10:25:47.0,48.82,7.42,10,1.6,10:25:48.0,48.69,7.8,5,1.6,10:25:48.0,48.79,7.48,11,1.6,1.5,1.9
2002-09-06,15:07:44.0,49.15,6.84,1,2.2,sm,BCSF,,,,,,15:07:44.0,49.15,6.84,1,2.2,15:07:44.0,49.15,6.82,1,2.2,15:07:44.0,49.16,6.79,1,2.6,2.1,2.6
2002-10-06,12:54:05.0,49.15,6.77,1,1.9,sm,BCSF,,,,,,12:54:05.0,49.15,6.77,1,1.9,12:54:05.0,49.15,6.79,1,1.9,12:54:05.0,49.15,6.8,1,2.2,1.8,2.3
2002-11-07,15:00:24.0,49.12,6.82,1,2.3,sm,BCSF,,,,,,15:00:24.0,49.12,6.82,1,2.3,15:00:24.0,49.11,6.84,1,2.3,15:00:23.0,49.15,6.87,1,2.7,2.2,2.7
2002-11-28,14:48:07.0,49.15,6.78,1,2.4,sm,BCSF,,,,,,14:48:07.0,49.15,6.78,1,2.4,14:48:07.0,49.15,6.79,1,2.4,14:48:07.0,49.15,6.82,1,2.8,2.2,2.8
2002-12-26,09:22:04.0,48.51,5.56,10,2.1,sm,BCSF,,,,,,09:22:04.0,48.51,5.56,10,2.1,,,,,,09:22:02.0,48.66,5.59,,2.1,1.6,2.1
2002-12-27,10:14:15.0,48.69,5.71,10,2.1,sm,BCSF,,,,,,10:14:15.0,48.69,5.71,10,2.1,,,,,,10:14:16.0,48.65,5.69,,2.1,1.6,2.1
2003-01-19,12:45:05.0,49.09,6.75,1,2.5,sm,BCSF,,,,,,12:45:05.0,49.09,6.75,1,2.5,,,,,,12:45:04.0,49.14,6.83,1,2.5,2.0,2.5
2003-02-06,12:45:45.0,49.56,6.57,1,2,sm,BCSF,,,,,,12:45:45.0,49.56,6.57,1,2,12:45:43.0,49.58,6.49,1,2,12:45:44.0,49.56,6.61,1,2.8,2.1,2.7
2003-02-23,14:22:48.0,50.14,4.45,10,1.6,sm,BCSF,,,,,,14:22:48.0,50.14,4.45,10,1.6,,,,,,14:22:48.0,50.27,4.44,2,1.6,1.2,1.6
2003-02-28,15:31:24.0,49.14,6.63,1,1.9,sm,BCSF,,,,,,15:31:24.0,49.14,6.63,1,1.9,15:31:26.0,49.12,6.86,1,1.9,15:31:23.0,49.25,6.84,1,2.5,1.9,2.5
2003-03-17,17:08:20.0,49.11,6.79,1,2.7,sm,BCSF,,,,,,17:08:20.0,49.11,6.79,1,2.7,,,,,,17:08:20.0,49.14,6.81,1,2.7,2.2,2.7
2003-04-02,13:01:39.0,49.16,6.75,1,2,sm,BCSF,,,,,,13:01:39.0,49.16,6.75,1,2,13:01:39.0,49.16,6.74,1,2,13:01:39.0,49.15,6.84,1,2.8,2.1,2.7
2003-05-19,13:47:07.0,49.3,6.82,1,2.4,sm,BCSF,,,,,,13:47:07.0,49.3,6.82,1,2.4,,,,,,13:47:07.0,49.36,6.9,1,2.4,1.9,2.4
2003-05-27,12:02:52.0,49.14,6.8,1,2.3,sm,BCSF,,,,,,12:02:52.0,49.14,6.8,1,2.3,12:02:52.0,49.14,6.84,1,2.3,12:02:52.0,49.15,6.84,1,2.7,2.2,2.7
2003-05-29,13:45:50.0,49.14,6.79,1,2.5,sm,BCSF,,,,,,13:45:50.0,49.14,6.79,1,2.5,13:45:50.0,49.14,6.83,1,2.5,13:45:50.0,49.14,6.82,1,2.9,2.3,2.9
2003-05-31,13:36:54.0,48.94,7.86,5,2.1,sm,BCSF,,,,,,13:36:54.0,48.94,7.86,5,2.1,13:36:54.0,48.94,7.85,5,2.1,13:36:53.0,48.91,7.96,2,2.6,2.1,2.6
2003-05-31,17:55:01.0,48.91,7.86,5,2.2,sm,BCSF,,,,,,17:55:01.0,48.91,7.86,5,2.2,17:55:02.0,48.93,7.87,2,2.2,17:55:02.0,48.92,7.81,2,1.9,1.8,2.3
2003-06-01,13:27:42.0,48.97,7.86,8,2.1,sm,BCSF,,,,,,13:27:42.0,48.97,7.86,8,2.1,13:27:41.0,49.09,7.76,2,2.1,13:27:43.0,48.96,7.7,3,2.4,2.0,2.5
2003-06-03,11:07:50.0,48.94,7.87,5,1.8,sm,BCSF,,,,,,11:07:50.0,48.94,7.87,5,1.8,11:07:50.0,48.99,7.92,3,1.8,11:07:49.0,48.95,7.86,10,2.1,1.7,2.2
2003-06-03,13:50:48.0,49.02,7.89,5,2.3,sm,BCSF,,,,,,13:50:48.0,49.02,7.89,5,2.3,13:50:48.0,49.01,7.9,3,2.3,,,,,,2.2,2.7
2003-06-04,12:53:47.0,48.98,7.88,5,2,sm,BCSF,,,,,,12:53:47.0,48.98,7.88,5,2,12:53:47.0,48.98,7.88,5,2,,,,,,2.0,2.5
2003-06-04,16:42:36.0,48.93,7.83,5,2.1,sm,BCSF,,,,,,16:42:36.0,48.93,7.83,5,2.1,16:42:36.0,48.96,7.86,5,2.1,16:42:36.0,48.94,7.78,4,2.5,2.0,2.5
2003-06-04,16:44:46.0,48.92,7.83,5,2.1,sm,BCSF,,,,,,16:44:46.0,48.92,7.83,5,2.1,16:44:47.0,48.93,7.86,2,2.1,16:44:46.0,48.93,7.81,5,2.7,2.1,2.6
2003-06-05,17:20:23.0,48.94,7.87,5,2.2,sm,BCSF,,,,,,17:20:23.0,48.94,7.87,5,2.2,17:20:23.0,48.94,7.87,3,2.2,17:20:23.0,48.95,7.81,3,2.5,2.0,2.6
2003-06-07,10:17:20.0,48.94,7.85,5,2.1,sm,BCSF,,,,,,10:17:20.0,48.94,7.85,5,2.1,10:17:20.0,49,7.9,3,2.1,10:17:19.0,48.91,7.93,2,2.2,1.9,2.4
2003-06-07,12:37:23.0,48.93,7.81,5,2.4,sm,BCSF,,,,,,12:37:23.0,48.93,7.81,5,2.4,12:37:21.0,49.12,7.77,3,2.4,12:37:23.0,48.91,7.84,2,2.3,2.0,2.6
2003-06-07,12:37:51.0,48.93,7.84,5,2.2,sm,BCSF,,,,,,12:37:51.0,48.93,7.84,5,2.2,12:37:51.0,48.99,7.88,3,2.2,12:37:51.0,48.92,7.83,5,2.4,2.0,2.5
2003-06-07,14:18:09.0,48.92,7.83,5,2.1,sm,BCSF,,,,,,14:18:09.0,48.92,7.83,5,2.1,14:18:09.0,48.92,7.82,3,2.1,14:18:08.0,48.91,7.9,2,2.4,2.0,2.5
2003-06-08,14:49:35.0,48.92,7.85,5,1.9,sm,BCSF,,,,,,14:49:35.0,48.92,7.85,5,1.9,14:49:35.0,48.94,7.87,3,1.9,14:49:35.0,48.92,7.82,3,2.5,1.9,2.5
2003-06-09,09:51:41.0,48.93,7.8,5,2,sm,BCSF,,,,,,09:51:41.0,48.93,7.8,5,2,09:51:41.0,48.97,7.87,3,2,09:51:41.0,48.93,7.76,3,2.3,1.9,2.4
2003-06-09,14:04:22.0,48.82,7.96,5,2.4,sm,BCSF,,,,,,14:04:22.0,48.82,7.96,5,2.4,,,,,,14:04:22.0,48.93,7.76,4,2.4,1.9,2.4
2003-06-09,15:42:41.0,48.91,7.86,5,2.3,sm,BCSF,,,,,,15:42:41.0,48.91,7.86,5,2.3,15:42:41.0,48.91,7.85,3,2.3,15:42:41.0,48.91,7.84,5,2.6,2.1,2.7
2003-06-10,16:33:56.0,48.9,7.82,5,2,sm,BCSF,,,,,,16:33:56.0,48.9,7.82,5,2,16:33:57.0,48.92,7.83,3,2,16:33:57.0,48.91,7.8,4,2.2,1.9,2.4
2003-06-11,15:03:15.0,48.92,7.83,5,2.7,sm,BCSF,,,,,,15:03:15.0,48.92,7.83,5,2.7,15:03:15.0,48.92,7.85,3,2.7,15:03:15.0,48.91,7.87,6,3.2,2.5,3.1
2003-06-13,10:37:18.0,48.93,7.87,5,2,sm,BCSF,,,,,,10:37:18.0,48.93,7.87,5,2,10:37:18.0,48.99,7.9,3,2,10:37:18.0,48.95,7.74,5,2.2,1.9,2.4
2003-06-15,11:37:48.0,48.9,7.85,5,1.8,sm,BCSF,,,,,,11:37:48.0,48.9,7.85,5,1.8,11:37:49.0,49,7.91,5,1.8,11:37:49.0,48.9,7.83,3,1.8,1.6,2.1
2003-06-25,16:43:49.0,49.17,6.76,1,1.8,sm,BCSF,,,,,,16:43:49.0,49.17,6.76,1,1.8,16:43:49.0,49.19,6.78,1,1.8,16:43:50.0,49.14,6.87,1,2.3,1.8,2.3
2003-06-28,16:30:06.0,48.92,7.85,5,1.6,sm,BCSF,,,,,,16:30:06.0,48.92,7.85,5,1.6,16:30:06.0,48.95,7.88,3,1.6,16:30:06.0,48.93,7.82,8,2.0,1.6,2.1
2003-07-07,15:03:16.0,48.99,7.89,10,1.9,sm,BCSF,,,,,,15:03:16.0,48.99,7.89,10,1.9,15:03:18.0,48.99,7.89,2,1.9,15:03:18.0,48.93,7.88,2,2.0,1.7,2.2
2003-08-05,16:18:08.0,48.93,7.82,5,2.2,sm,BCSF,,,,,,16:18:08.0,48.93,7.82,5,2.2,16:18:07.0,48.98,7.71,5,2.2,16:18:07.0,48.98,7.84,10,2.6,2.1,2.6
2003-10-22,17:13:19.0,50.25,4.55,5,2.3,sm,BCSF,,,,,,17:13:19.0,50.25,4.55,5,2.3,,,,,,17:13:16.0,50.41,4.5,2,2.3,1.8,2.3
2004-02-28,13:08:18.0,49.61,7.96,5,2.2,sm,BCSF,,,,,,13:08:18.0,49.61,7.96,5,2.2,,,,,,13:08:17.0,49.67,8.16,2,2.2,1.7,2.2
2004-04-11,17:17:53.0,48.83,7.09,5,1.8,sm,BCSF,,,,,,17:17:53.0,48.83,7.09,5,1.8,17:17:52.0,48.88,7.05,5,1.8,17:17:53.0,48.81,7.14,4,2.0,1.7,2.2
2004-08-12,16:35:29.0,49.91,7.78,10,2.4,sm,BCSF,,,,,,16:35:29.0,49.91,7.78,10,2.4,16:35:29.0,49.88,8.08,5,2.4,16:35:28.0,49.86,8.36,2,2.8,2.2,2.8
2004-08-13,13:04:56.0,49.23,6.82,1,2.9,sm,BCSF,,,,,,13:04:56.0,49.23,6.82,1,2.9,,,,,,13:04:54.0,49.34,6.92,1,2.9,2.3,2.9
2004-09-14,09:26:14.0,49.17,6.69,1,2.6,sm,BCSF,,,,,,09:26:14.0,49.17,6.69,1,2.6,09:26:15.0,49.14,6.78,1,2.6,09:26:15.0,49.14,6.8,1,3.1,2.4,3.0
2004-09-15,15:57:17.0,48.95,7.89,5,1.9,sm,BCSF,,,,,,15:57:17.0,48.95,7.89,5,1.9,15:57:16.0,48.97,7.95,5,1.9,15:57:17.0,48.96,7.83,10,2.2,1.8,2.3
2004-11-22,11:56:24.0,49.37,6.86,1,2.6,sm,BCSF,,,,,,11:56:24.0,49.37,6.86,1,2.6,,,,,,11:56:24.0,49.39,6.92,1,2.6,2.1,2.6
2004-12-09,16:36:16.0,49.34,6.89,1,2.5,sm,BCSF,,,,,,16:36:16.0,49.34,6.89,1,2.5,,,,,,16:36:15.0,49.41,6.91,1,2.5,2.0,2.5
2005-01-09,14:50:41.0,48.94,6.55,1,2.2,sm,BCSF,,,,,,14:50:41.0,48.94,6.55,1,2.2,,,,,,14:50:41.0,49.01,6.56,5,2.2,1.7,2.2
2005-02-11,12:08:38.0,48.92,7.86,5,1.7,sm,BCSF,,,,,,12:08:38.0,48.92,7.86,5,1.7,12:08:38.0,48.95,7.87,5,1.7,12:08:38.0,48.92,7.79,2,2.0,1.7,2.1
2005-02-11,13:17:56.0,48.91,7.9,5,1.9,sm,BCSF,,,,,,13:17:56.0,48.91,7.9,5,1.9,13:17:56.0,48.93,7.92,5,1.9,13:17:56.0,48.91,7.79,2,2.2,1.8,2.3
2005-02-15,12:27:43.0,48.93,7.86,5,1.9,sm,BCSF,,,,,,12:27:43.0,48.93,7.86,5,1.9,12:27:43.0,48.92,7.87,5,1.9,12:27:43.0,48.92,7.79,2,2.4,1.9,2.4
2005-02-17,15:34:40.0,48.95,7.87,5,1.9,sm,BCSF,,,,,,15:34:40.0,48.95,7.87,5,1.9,15:34:39.0,48.97,7.95,3,1.9,15:34:39.0,48.92,7.89,2,2.3,1.9,2.4
2005-02-27,10:29:36.0,48.94,7.83,5,1.9,sm,BCSF,,,,,,10:29:36.0,48.94,7.83,5,1.9,10:29:36.0,48.96,7.83,5,1.9,10:29:36.0,48.93,7.84,2,2.2,1.8,2.3
2005-02-27,14:21:20.0,48.93,7.85,5,2,sm,BCSF,,,,,,14:21:20.0,48.93,7.85,5,2,14:21:20.0,48.94,7.86,5,2,14:21:20.0,48.91,7.87,2,2.2,1.9,2.4
2005-03-08,15:32:39.0,49.89,4.38,5,2.4,sm,BCSF,,,,,,15:32:39.0,49.89,4.38,5,2.4,,,,,,15:32:40.0,49.91,4.38,2,2.4,1.9,2.4
2005-04-03,11:59:18.0,48.51,7.43,5,1.6,sm,BCSF,,,,,,11:59:18.0,48.51,7.43,5,1.6,,,,,,11:59:17.0,48.56,7.47,5,1.6,1.2,1.6
2005-05-24,11:52:47.0,49.36,6.91,1,2.9,sm,BCSF,,,,,,11:52:47.0,49.36,6.91,1,2.9,,,,,,11:52:48.0,49.38,6.93,1,2.9,2.3,2.9
2005-08-15,10:35:19.0,50.33,7.94,5,1.8,sm,BCSF,,,,,,10:35:19.0,50.33,7.94,5,1.8,10:35:17.0,50.4,7.93,10,1.8,10:35:18.0,50.39,7.95,2,2.4,1.9,2.4
2005-09-03,22:46:38.0,50.824,6.296,9.2,0.4,sm,ORB,22:46:38.0,50.824,6.296,9.2,0.4,,,,,,,,,,,,,,,,1.0,1.4
2005-09-20,14:52:18.0,49.7262,6.1332,,,sm,ORB,14:52:18.0,49.7262,6.1332,,,,,,,,,,,,,,,,,,,
2005-11-13,10:19:20.0,49.37,6.91,1,2.4,sm,BCSF,,,,,,10:19:20.0,49.37,6.91,1,2.4,,,,,,10:19:20.0,49.39,6.95,1,2.4,1.9,2.4
2005-11-20,11:42:51.0,48.96,7.89,5,2,sm,BCSF,,,,,,11:42:51.0,48.96,7.89,5,2,11:42:52.0,48.97,7.88,5,2,11:42:51.0,48.95,7.9,10,2.1,1.8,2.3
2005-11-21,17:34:09.0,48.95,7.85,5,2.1,sm,BCSF,,,,,,17:34:09.0,48.95,7.85,5,2.1,17:34:09.0,48.95,7.82,5,2.1,17:34:09.0,48.93,7.86,10,2.5,2.0,2.5
2005-12-29,11:04:51.0,49.37,6.77,1,2.5,sm,BCSF,,,,,,11:04:51.0,49.37,6.77,1,2.5,,,,,,11:04:51.0,49.4,6.87,1,2.5,2.0,2.5
2006-01-10,15:32:29.0,49.38,6.92,1,2.5,sm,BCSF,,,,,,15:32:29.0,49.38,6.92,1,2.5,,,,,,15:32:30.0,49.39,6.96,1,2.5,2.0,2.5
2006-01-21,14:00:13.0,49.36,6.88,1,2.6,sm,BCSF,,,,,,14:00:13.0,49.36,6.88,1,2.6,,,,,,14:00:13.0,49.38,6.91,1,2.6,2.1,2.6
2006-02-05,10:30:18.0,49.37,6.87,1,2.5,sm,BCSF,,,,,,10:30:18.0,49.37,6.87,1,2.5,,,,,,10:30:18.0,49.39,6.9,1,2.5,2.0,2.5
2006-02-09,15:29:44.0,49.37,6.78,1,2.5,sm,BCSF,,,,,,15:29:44.0,49.37,6.78,1,2.5,15:29:45.0,49.38,6.86,1,2.5,15:29:46.0,49.39,6.89,1,2.8,2.3,2.8
2006-02-23,12:32:25.0,49.38,6.91,1,2.6,sm,BCSF,,,,,,12:32:25.0,49.38,6.91,1,2.6,12:32:25.0,49.38,6.87,1,2.6,12:32:26.0,49.36,6.89,1,3.0,2.4,3.0
2006-03-05,10:32:47.0,49.33,6.83,1,2.7,sm,BCSF,,,,,,10:32:47.0,49.33,6.83,1,2.7,,,,,,10:32:46.0,49.39,6.86,1,2.7,2.2,2.7
2006-03-26,09:13:49.0,49.33,6.85,1,2.5,sm,BCSF,,,,,,09:13:49.0,49.33,6.85,1,2.5,,,,,,09:13:49.0,49.38,6.93,1,2.5,2.0,2.5
2006-04-01,11:10:03.0,48.52,6.49,10,1.6,sm,BCSF,,,,,,11:10:03.0,48.52,6.49,10,1.6,11:10:04.0,48.48,6.5,10,1.6,11:10:03.0,48.53,6.5,16,2.0,1.6,2.1
2006-05-09,09:40:47.0,50.4345,4.9895,2.4,1.5,sm,ORB,09:40:47.0,50.4345,4.9895,2.4,1.5,,,,,,,,,,,,,,,,1.8,2.3
2006-05-18,12:31:00.0,49.36,6.77,1,2.8,sm,BCSF,,,,,,12:31:00.0,49.36,6.77,1,2.8,,,,,,12:31:00.0,49.39,6.85,1,2.8,2.2,2.8
2006-05-19,13:48:07.0,49.33,6.83,1,2.9,sm,BCSF,,,,,,13:48:07.0,49.33,6.83,1,2.9,,,,,,13:48:07.0,49.38,6.92,1,2.9,2.3,2.9
2006-05-21,17:32:36.0,48.95,7.8,5,1.9,sm,BCSF,,,,,,17:32:36.0,48.95,7.8,5,1.9,17:32:37.0,48.95,7.8,5,1.9,17:32:36.0,48.92,7.89,6,2.2,1.8,2.3
2006-08-01,09:11:37.0,49.37,6.72,1,2.7,sm,BCSF,,,,,,09:11:37.0,49.37,6.72,1,2.7,,,,,,09:11:37.0,49.43,6.85,1,2.7,2.2,2.7
2006-08-03,14:43:06.0,50.2423,4.0748,5.6,1.1,sm,ORB,14:43:06.0,50.2423,4.0748,5.6,1.1,,,,,,,,,,,,,,,,1.5,2.0
2006-08-05,15:30:42.0,49.3,6.78,1,2.5,sm,BCSF,,,,,,15:30:42.0,49.3,6.78,1,2.5,,,,,,15:30:42.0,49.36,6.87,1,2.5,2.0,2.5
2006-08-06,11:01:05.0,49.45,6.53,1,2.3,sm,BCSF,,,,,,11:01:05.0,49.45,6.53,1,2.3,,,,,,11:01:06.0,49.47,6.58,10,2.3,1.8,2.3
2006-08-06,11:01:19.0,49.45,6.53,1,2.3,sm,BCSF,,,,,,11:01:19.0,49.45,6.53,1,2.3,,,,,,11:01:19.0,49.47,6.57,10,2.3,1.8,2.3
2006-09-02,15:33:32.0,49.3,6.81,1,2.4,sm,BCSF,,,,,,15:33:32.0,49.3,6.81,1,2.4,,,,,,15:33:32.0,49.33,6.89,1,2.4,1.9,2.4
2006-09-17,13:47:00.0,49.34,6.88,1,2.4,sm,BCSF,,,,,,13:47:00.0,49.34,6.88,1,2.4,,,,,,13:47:00.0,49.38,6.94,1,2.4,1.9,2.4
2006-10-22,14:14:22.0,49.36,6.77,1,2.6,sm,BCSF,,,,,,14:14:22.0,49.36,6.77,1,2.6,14:14:22.0,49.37,6.84,1,2.6,14:14:23.0,49.39,6.88,1,3.0,2.4,3.0
2006-10-23,17:32:04.0,49.32,6.87,1,2.7,sm,BCSF,,,,,,17:32:04.0,49.32,6.87,1,2.7,,,,,,17:32:03.0,49.38,6.9,1,2.7,2.2,2.7
2006-12-25,17:25:40.0,48.6,6.29,5,2,sm,BCSF,,,,,,17:25:40.0,48.6,6.29,5,2,,,,,,17:25:40.0,48.62,6.31,1,2.0,1.6,2.0
2006-12-26,12:24:11.0,49.34,6.81,1,2.4,sm,BCSF,,,,,,12:24:11.0,49.34,6.81,1,2.4,,,,,,12:24:10.0,49.42,6.8,1,2.4,1.9,2.4
2007-02-01,16:07:39.0,49.2,6.69,5,2.4,sm,BCSF,,,,,,16:07:39.0,49.2,6.69,5,2.4,,,,,,16:07:36.0,49.37,6.89,1,2.4,1.9,2.4
2007-06-13,10:05:00.0,50.32,7.8,10,2.1,sm,BCSF,,,,,,10:05:00.0,50.32,7.8,10,2.1,10:05:01.0,50.3,7.8,10,2.1,,,,,,2.0,2.6
2007-07-16,13:45:11.0,48.5,7.54,10,2.1,sm,BCSF,,,,,,13:45:11.0,48.5,7.54,10,2.1,13:45:11.0,48.51,7.58,10,2.1,13:45:11.0,48.49,7.58,10,2.5,2.0,2.5
2007-07-16,14:20:56.0,48.52,7.51,10,1.9,sm,BCSF,,,,,,14:20:56.0,48.52,7.51,10,1.9,14:20:55.0,48.6,7.52,5,1.9,14:20:57.0,48.49,7.58,10,2.1,1.8,2.3
2007-07-20,17:57:48.0,49.34,6.86,1,3.1,sm,BCSF,,,,,,17:57:48.0,49.34,6.86,1,3.1,,,,,,17:57:47.0,49.38,6.85,1,3.1,2.5,3.1
2007-08-09,10:06:12.0,49.37,6.81,1,2.5,sm,BCSF,,,,,,10:06:12.0,49.37,6.81,1,2.5,10:06:12.0,49.36,6.85,1,2.5,10:06:13.0,49.37,6.84,1,2.8,2.3,2.8
2007-08-09,13:06:52.0,49.36,6.77,1,2.8,sm,BCSF,,,,,,13:06:52.0,49.36,6.77,1,2.8,13:06:53.0,49.36,6.8,1,2.8,13:06:53.0,49.39,6.82,1,3.2,2.5,3.2
2007-08-17,16:36:57.0,49.35,6.73,1,2.7,sm,BCSF,,,,,,16:36:57.0,49.35,6.73,1,2.7,16:36:58.0,49.37,6.78,1,2.7,16:36:58.0,49.38,6.82,1,3.2,2.5,3.1
2007-09-11,11:48:31.0,49.38,6.86,1,2.7,sm,BCSF,,,,,,11:48:31.0,49.38,6.86,1,2.7,,,,,,11:48:31.0,49.38,6.87,1,2.7,2.2,2.7
2007-09-21,15:53:56.0,49.32,6.75,1,2.6,sm,BCSF,,,,,,15:53:56.0,49.32,6.75,1,2.6,,,,,,15:53:55.0,49.39,6.8,1,2.6,2.1,2.6
2007-10-08,15:09:33.0,49.37,6.85,1,2.6,sm,BCSF,,,,,,15:09:33.0,49.37,6.85,1,2.6,,,,,,15:09:34.0,49.38,6.84,1,2.6,2.1,2.6
2007-10-14,15:50:28.0,49.32,6.88,1,2.4,sm,BCSF,,,,,,15:50:28.0,49.32,6.88,1,2.4,,,,,,15:50:28.0,49.36,6.88,1,2.4,1.9,2.4
2007-11-19,11:07:28.0,49.37,6.77,1,3.3,sm,BCSF,,,,,,11:07:28.0,49.37,6.77,1,3.3,11:07:29.0,49.34,6.9,1,3.3,11:07:28.0,49.4,6.9,1,3.5,2.8,3.5
2007-12-20,09:10:35.0,49.09,5.34,5,2.3,sm,BCSF,,,,,,09:10:35.0,49.09,5.34,5,2.3,,,,,,09:10:35.0,49.09,5.4,,2.3,1.8,2.3
2008-01-25,11:33:06.0,49.38,6.74,1,2.5,sm,BCSF,,,,,,11:33:06.0,49.38,6.74,1,2.5,,,,,,11:33:07.0,49.39,6.79,1,2.5,2.0,2.5
2008-02-18,13:28:56.0,49.37,6.77,1,2.9,sm,BCSF,,,,,,13:28:56.0,49.37,6.77,1,2.9,13:28:56.0,49.37,6.81,1,2.9,13:28:57.0,49.37,6.8,1,3.2,2.6,3.2
2008-02-28,02:30:20.0,50.5687,5.452,1,1,sm,ORB,02:30:20.0,50.5687,5.452,1,1,,,,,,,,,,,,,,,,1.5,1.9
2008-04-14,07:44:59.0,49.5682,5.443,,,sm,ORB,07:44:59.0,49.5682,5.443,,,,,,,,,,,,,,,,,,,
2008-04-23,14:54:50.0,50.17,7.23,10,2,sm,BCSF,,,,,,14:54:50.0,50.17,7.23,10,2,14:54:51.0,50.14,7.28,10,2,14:54:52.0,50.12,7.23,10,2.6,2.0,2.6
2008-04-25,10:05:03.0,48.64,6.31,10,2.4,sm,BCSF,,,,,,10:05:03.0,48.64,6.31,10,2.4,,,,,,10:05:03.0,48.68,6.34,1,2.4,1.9,2.4
2008-05-19,17:59:33.0,49.34,6.7,1,2.4,sm,BCSF,,,,,,17:59:33.0,49.34,6.7,1,2.4,,,,,,17:59:34.0,49.35,6.77,1,2.4,1.9,2.4
2008-05-26,10:05:52.0,49.9378,7.6428,3.2,1.6,sm,ORB,10:05:52.0,49.9378,7.6428,3.2,1.6,,,,,,,,,,,,,,,,1.9,2.4
2008-07-18,09:56:07.0,49.43,5.96,5,2.3,sm,BCSF,,,,,,09:56:07.0,49.43,5.96,5,2.3,,,,,,09:56:07.0,49.44,5.99,1,2.3,1.8,2.3
2008-08-20,09:58:31.0,50.0678,5.1728,0.9,1.5,sm,ORB,09:58:31.0,50.0678,5.1728,0.9,1.5,,,,,,,,,,,,,,,,1.8,2.3
2009-03-02,14:34:19.0,50.4417,4.6293,1,0.9,sm,ORB,14:34:19.0,50.4417,4.6293,1,0.9,,,,,,,,,,,,,,,,1.4,1.8
2009-04-09,11:16:50.0,50.435,6.04,,,sm,ORB,11:16:50.0,50.435,6.04,,,,,,,,,,,,,,,,,,,
2009-04-26,05:04:30.0,49.6641,1.2296,1,1.9,sm,ORB,05:04:30.0,49.6641,1.2296,1,1.9,,,,,,,,,,,,,,,,2.1,2.7
2009-06-10,13:01:24.0,50.5898,5.718,3.7,1.5,sm,ORB,13:01:24.0,50.5898,5.718,3.7,1.5,,,,,,,,,,,,,,,,1.8,2.3
2009-06-16,15:09:26.0,49.38,6.79,1,2.5,sm,BCSF,,,,,,15:09:26.0,49.38,6.79,1,2.5,15:09:26.0,49.37,6.76,1,2.5,15:09:26.0,49.39,6.84,1,2.5,2.1,2.7
2009-07-08,17:38:47.0,48.57,7.37,10,1.5,sm,BCSF,,,,,,17:38:47.0,48.57,7.37,10,1.5,,,,,,17:38:47.0,48.61,7.44,2,1.5,1.1,1.5
2009-08-10,15:44:10.0,48.53,6.96,5,2,sm,BCSF,,,,,,15:44:10.0,48.53,6.96,5,2,15:44:10.0,48.55,7.08,10,2,15:44:10.0,48.51,6.94,15,2.0,1.8,2.3
2009-08-12,09:40:59.0,49.09,5.39,5,2.2,sm,BCSF,,,,,,09:40:59.0,49.09,5.39,5,2.2,,,,,,09:40:59.0,49.1,5.4,,2.2,1.7,2.2
2009-09-25,06:39:00.0,51.3539,2.0576,,2.5,sm,ORB,06:39:00.0,51.3539,2.0576,,2.5,,,,,,,,,,,,,,,,2.5,3.2
2009-10-17,13:31:30.0,49.82,7.75,10,1.8,sm,BCSF,,,,,,13:31:30.0,49.82,7.75,10,1.8,13:31:30.0,49.82,7.75,10,1.8,13:31:31.0,49.79,7.74,2,2.3,1.8,2.3
2009-10-28,09:36:58.0,49.83,7.54,10,1.7,sm,BCSF,,,,,,09:36:58.0,49.83,7.54,10,1.7,09:36:58.0,49.91,7.54,10,1.7,09:36:58.0,49.86,7.58,10,2.1,1.7,2.2
2009-11-14,09:31:26.0,48.92,7.95,10,2.4,sm,BCSF,,,,,,09:31:26.0,48.92,7.95,10,2.4,09:31:25.0,48.92,7.94,10,2.4,09:31:26.0,48.91,7.96,11,2.7,2.2,2.8
2009-12-09,12:37:00.0,49.22,7.93,10,2.1,sm,BCSF,,,,,,12:37:00.0,49.22,7.93,10,2.1,12:36:59.0,49.22,7.93,10,2.1,12:37:00.0,49.21,7.94,10,2.5,2.0,2.5
2010-01-28,10:55:45.0,49.71,7.64,10,2.1,sm,BCSF,,,,,,10:55:45.0,49.71,7.64,10,2.1,10:55:45.0,49.69,7.63,10,2.1,10:55:46.0,49.7,7.58,10,2.2,1.9,2.4
2010-05-22,09:33:08.0,50.2,1.1,,3.5,sm,ORB,09:33:08.0,50.2,1.1,,3.5,,,,,,,,,,,,,,,,3.3,4.0
2010-05-24,12:25:20.0,48.96,7.83,10,1.9,sm,BCSF,,,,,,12:25:20.0,48.96,7.83,10,1.9,12:25:20.0,48.95,7.85,10,1.9,12:25:20.0,48.96,7.83,10,2.1,1.8,2.3
2010-07-15,14:51:33.0,49.12,7.93,5,2,sm,BCSF,,,,,,14:51:33.0,49.12,7.93,5,2,,,,,,14:51:31.0,49.17,8.05,3,2.0,1.6,2.0
2010-11-13,17:51:53.0,48.8,7.72,10,2,sm,BCSF,,,,,,17:51:53.0,48.8,7.72,10,2,17:51:53.0,48.8,7.7,10,2,17:51:53.0,48.8,7.7,10,2.1,1.8,2.3
2010-11-17,09:53:50.0,48.55,7.39,10,2.3,sm,BCSF,,,,,,09:53:50.0,48.55,7.39,10,2.3,09:53:50.0,48.56,7.39,10,2.3,09:53:50.0,48.55,7.4,15,2.6,2.1,2.7
2010-11-18,16:13:28.0,51.553,3.0018,2.1,2.3,sm,ORB,16:13:28.0,51.553,3.0018,2.1,2.3,,,,,,,,,,,,,,,,2.4,3.0
2010-12-07,11:09:26.0,51.29,3.0232,0.9,1.6,sm,ORB,11:09:26.0,51.29,3.0232,0.9,1.6,,,,,,,,,,,,,,,,1.9,2.4
2010-12-07,15:21:36.0,50.2627,6.7322,1.1,2,sm,ORB,15:21:36.0,50.2627,6.7322,1.1,2,,,,,,,,,,,,,,,,2.2,2.7
2010-12-20,12:04:12.0,50.6862,3.4813,3.6,2,sm,ORB,12:04:12.0,50.6862,3.4813,3.6,2,,,,,,,,,,,,,,,,2.2,2.7
