1965-07-23,19:00:46.0,49.114,6.565,2,2.6,si,BCSF,,,,,,19:00:46.0,49.114,6.565,2,2.6,,,,,,19:00:46.0,49.114,6.56,2,2.6,2.1,2.6
1966-06-07,07:42:14.0,49.381,6.854,9,2.6,si,BCSF,,,,,,07:42:14.0,49.381,6.854,9,2.6,,,,,,07:42:14.0,49.381,6.85,9,2.6,2.1,2.6
1967-01-18,04:35:31.0,49.015,7.379,2,,si,BCSF,,,,,,04:35:31.0,49.015,7.379,2,,,,,,,04:35:31.0,49.015,7.37,2,,,
1967-05-13,21:34:18.0,49.419,2.06,30,2.6,si,BCSF,,,,,,21:34:18.0,49.419,2.06,30,2.6,,,,,,21:34:18.0,49.419,2.06,30,2.6,2.1,2.6
1967-10-16,16:36:42.0,49.732,7.736,2,3.1,si,BCSF,,,,,,16:36:42.0,49.732,7.736,2,3.1,,,,,,16:36:42.0,49.732,7.73,2,3.1,2.5,3.1
1967-11-19,21:17:02.0,50.407,4.43,2,2.8,si,BCSF,,,,,,21:17:02.0,50.407,4.43,2,2.8,,,,,,21:17:02.0,50.407,4.43,2,2.8,2.2,2.8
1967-11-24,00:19:36.0,50.299,4.447,2,3.2,si,BCSF,,,,,,00:19:36.0,50.299,4.447,2,3.2,,,,,,00:19:36.0,50.299,4.44,2,3.2,2.6,3.2
1968-05-31,04:47:46.0,50.255,4.564,2,3.2,si,BCSF,,,,,,04:47:46.0,50.255,4.564,2,3.2,,,,,,04:47:46.0,50.255,4.56,2,3.2,2.6,3.2
1970-11-24,03:47:27.0,50.237,4.442,2,3.1,si,BCSF,,,,,,03:47:27.0,50.237,4.442,2,3.1,,,,,,03:47:27.0,50.237,4.44,2,3.1,2.5,3.1
1970-12-21,00:51:54.0,50.247,7.914,2,2.8,si,BCSF,,,,,,00:51:54.0,50.247,7.914,2,2.8,,,,,,00:51:54.0,50.247,7.91,2,2.8,2.2,2.8
1971-01-09,01:09:36.0,50.229,4.778,2,2.8,si,BCSF,,,,,,01:09:36.0,50.229,4.778,2,2.8,,,,,,01:09:36.0,50.229,4.77,2,2.8,2.2,2.8
1971-02-27,08:07:55.0,49.354,6.706,2,2.5,si,BCSF,,,,,,08:07:55.0,49.354,6.706,2,2.5,,,,,,08:07:55.0,49.354,6.7,2,2.5,2.0,2.5
1971-04-21,00:20:36.0,50.47,5.562,25,2.9,si,BCSF,,,,,,00:20:36.0,50.47,5.562,25,2.9,,,,,,00:20:36.0,50.47,5.56,25,2.9,2.3,2.9
1971-05-18,19:06:08.0,50.307,4.499,2,3,si,BCSF,,,,,,19:06:08.0,50.307,4.499,2,3,,,,,,19:06:08.0,50.307,4.49,2,3.0,2.4,3.0
1971-07-23,07:51:12.0,49.359,6.691,30,2.4,si,BCSF,,,,,,07:51:12.0,49.359,6.691,30,2.4,,,,,,07:51:12.0,49.359,6.69,30,2.4,1.9,2.4
1972-01-09,00:00:27.0,49.172,6.734,2,,si,BCSF,,,,,,00:00:27.0,49.172,6.734,2,,,,,,,00:00:27.0,49.172,6.73,2,,,
1972-05-14,23:49:15.0,49.142,6.741,14,,si,BCSF,,,,,,23:49:15.0,49.142,6.741,14,,,,,,,23:49:15.0,49.142,6.74,14,,,
1972-08-13,00:37:57.0,50.271,4.574,16,3.1,si,BCSF,,,,,,00:37:57.0,50.271,4.574,16,3.1,,,,,,00:37:57.0,50.271,4.57,16,3.1,2.5,3.1
1972-08-28,18:02:08.0,49.59,6.728,2,,si,BCSF,,,,,,18:02:08.0,49.59,6.728,2,,,,,,,18:02:08.0,49.59,6.72,2,,,
1972-09-06,00:05:48.0,49.167,6.582,19,,si,BCSF,,,,,,00:05:48.0,49.167,6.582,19,,,,,,,00:05:48.0,49.167,6.58,19,,,
1973-01-17,20:37:27.0,49.107,6.811,2,,si,BCSF,,,,,,20:37:27.0,49.107,6.811,2,,,,,,,20:37:27.0,49.107,6.81,2,,,
1973-02-04,22:36:04.0,49.091,6.685,21,,si,BCSF,,,,,,22:36:04.0,49.091,6.685,21,,,,,,,22:36:04.0,49.091,6.68,21,,,
1973-02-23,03:18:51.0,49.123,6.694,13,,si,BCSF,,,,,,03:18:51.0,49.123,6.694,13,,,,,,,03:18:51.0,49.123,6.69,13,,,
1973-10-09,23:01:52.0,49.155,6.844,2,,si,BCSF,,,,,,23:01:52.0,49.155,6.844,2,,,,,,,23:01:52.0,49.155,6.84,2,,,
1973-10-29,07:50:43.0,49.134,6.674,2,2.2,si,BCSF,,,,,,07:50:43.0,49.134,6.674,2,2.2,,,,,,07:50:43.0,49.134,6.67,2,2.2,1.7,2.2
1973-11-10,03:48:33.0,49.157,6.817,2,,si,BCSF,,,,,,03:48:33.0,49.157,6.817,2,,,,,,,03:48:33.0,49.157,6.81,2,,,
1973-12-11,21:01:14.0,49.186,6.768,5,,si,BCSF,,,,,,21:01:14.0,49.186,6.768,5,,,,,,,21:01:14.0,49.186,6.76,5,,,
1974-05-20,04:19:24.0,49.876,7.581,5,3.6,si,BCSF,,,,,,04:19:24.0,49.876,7.581,5,3.6,,,,,,04:19:24.0,49.876,7.58,5,3.6,2.9,3.6
1974-11-06,00:59:40.0,49.865,7.993,9,3,si,BCSF,,,,,,00:59:40.0,49.865,7.993,9,3,,,,,,00:59:40.0,49.865,7.99,9,3.0,2.4,3.0
1975-01-23,05:42:33.0,50.277,5.871,5,3,si,BCSF,,,,,,05:42:33.0,50.277,5.871,5,3,,,,,,05:42:33.0,50.277,5.87,5,3.0,2.4,3.0
1976-09-03,03:18:11.0,49.16,6.909,2,,si,BCSF,,,,,,03:18:11.0,49.16,6.909,2,,,,,,,03:18:11.0,49.16,6.9,2,,,
1977-07-04,00:04:01.0,49.955,2.823,20,2.7,si,BCSF,,,,,,00:04:01.0,49.955,2.823,20,2.7,,,,,,00:04:01.0,49.955,2.82,20,2.7,2.2,2.7
1978-01-12,00:21:48.0,49.16,6.645,2,2.1,si,BCSF,,,,,,00:21:48.0,49.16,6.645,2,2.1,,,,,,00:21:48.0,49.16,6.64,2,2.1,1.6,2.1
1978-05-14,03:14:00.0,49.122,6.699,2,2.3,si,BCSF,,,,,,03:14:00.0,49.122,6.699,2,2.3,,,,,,03:14:00.0,49.122,6.69,2,2.3,1.8,2.3
1978-08-01,03:36:46.0,49.356,6.694,2,2.1,si,BCSF,,,,,,03:36:46.0,49.356,6.694,2,2.1,,,,,,03:36:46.0,49.356,6.69,2,2.1,1.6,2.1
1978-08-21,19:59:27.0,49.438,6.775,2,2.2,si,BCSF,,,,,,19:59:27.0,49.438,6.775,2,2.2,,,,,,19:59:27.0,49.438,6.77,2,2.2,1.7,2.2
1979-07-01,20:02:42.0,49.288,6.101,8,3,si,BCSF,,,,,,20:02:42.0,49.288,6.101,8,3,,,,,,20:02:42.0,49.288,6.1,8,3.0,2.4,3.0
1980-06-16,06:44:52.0,49.38,5.96,5,2.6,si,BCSF,,,,,,06:44:52.0,49.38,5.96,5,2.6,,,,,,06:44:50.0,49.5,5.9,,2.6,2.1,2.6
1981-02-19,03:10:29.0,49.22,6.8,5,2.6,si,BCSF,,,,,,03:10:29.0,49.22,6.8,5,2.6,,,,,,03:10:30.0,49.2,6.8,,2.6,2.1,2.6
1982-02-03,22:44:32.0,49.16,6.63,1,2.1,si,BCSF,,,,,,22:44:32.0,49.16,6.63,1,2.1,,,,,,22:44:31.0,49.2,6.6,,2.1,1.6,2.1
1982-03-26,03:27:12.0,48.79,6.44,5,2.4,si,BCSF,,,,,,03:27:12.0,48.79,6.44,5,2.4,,,,,,03:27:11.0,48.8,6.4,0,2.4,1.9,2.4
1982-04-19,08:26:51.0,49.74,5.63,5,2.6,si,BCSF,,,,,,08:26:51.0,49.74,5.63,5,2.6,,,,,,08:26:49.0,49.9,5.7,,2.6,2.1,2.6
1982-06-07,05:36:08.0,49.97,5.29,5,2.5,si,BCSF,,,,,,05:36:08.0,49.97,5.29,5,2.5,,,,,,05:36:05.0,40.2,5.3,,2.5,2.0,2.5
1982-10-17,23:47:16.0,49.11,6.65,1,2.2,si,BCSF,,,,,,23:47:16.0,49.11,6.65,1,2.2,,,,,,23:47:14.0,49.2,6.7,,2.2,1.7,2.2
1983-02-01,21:22:55.0,49.19,6.92,1,2.5,si,BCSF,,,,,,21:22:55.0,49.19,6.92,1,2.5,,,,,,21:22:54.0,49.2,6.8,0,2.5,2.0,2.5
1983-08-25,22:09:20.0,49.06,6.45,5,2.9,si,BCSF,,,,,,22:09:20.0,49.06,6.45,5,2.9,,,,,,22:09:18.0,49.1,6.4,5,2.9,2.3,2.9
1983-09-13,02:23:11.0,49.1,6.68,5,2.1,si,BCSF,,,,,,02:23:11.0,49.1,6.68,5,2.1,,,,,,02:23:09.0,49.2,6.7,,2.1,1.6,2.1
1983-09-21,21:47:52.0,48.76,5.69,5,2.2,si,BCSF,,,,,,21:47:52.0,48.76,5.69,5,2.2,,,,,,21:47:50.0,48.8,5.6,,2.2,1.7,2.2
1983-10-27,01:09:07.0,49.18,6.78,1,2.2,si,BCSF,,,,,,01:09:07.0,49.18,6.78,1,2.2,,,,,,01:09:07.0,49.2,6.7,,2.2,1.7,2.2
1983-11-02,23:43:43.0,49.18,6.69,1,2.7,si,BCSF,,,,,,23:43:43.0,49.18,6.69,1,2.7,,,,,,23:43:42.0,49.2,6.9,,2.7,2.2,2.7
1985-03-11,21:19:08.0,49.12,6.81,1,3.4,si,BCSF,,,,,,21:19:08.0,49.12,6.81,1,3.4,,,,,,21:19:09.0,49.1,6.8,2,3.4,2.7,3.4
1985-09-17,00:01:37.0,49.07,6.56,1,3,si,BCSF,,,,,,00:01:37.0,49.07,6.56,1,3,,,,,,00:01:36.0,49.1,6.8,2,3.0,2.4,3.0
1986-03-25,08:38:35.0,49.19,6.71,1,3.3,si,BCSF,,,,,,08:38:35.0,49.19,6.71,1,3.3,,,,,,08:38:35.0,49.3,6.8,2,3.3,2.7,3.3
1986-09-12,18:04:53.0,48.62,6.87,5,2.3,si,BCSF,,,,,,18:04:53.0,48.62,6.87,5,2.3,,,,,,18:04:52.0,48.7,7,,2.3,1.8,2.3
1989-07-18,23:10:58.0,48.62,6.92,5,1.7,si,BCSF,,,,,,23:10:58.0,48.62,6.92,5,1.7,23:10:58.0,48.62,6.93,2,1.7,23:10:57.0,48.7,6.9,3,2.5,1.9,2.4
1990-02-16,20:45:44.0,48.59,6.01,5,2.3,si,BCSF,,,,,,20:45:44.0,48.59,6.01,5,2.3,,,,,,20:45:45.0,48.6,6.08,-2,2.3,1.8,2.3
1990-11-30,08:28:16.0,48.76,7.48,5,2.4,si,BCSF,,,,,,08:28:16.0,48.76,7.48,5,2.4,,,,,,08:28:16.0,48.7,7.7,13,2.4,1.9,2.4
1990-11-30,08:31:58.0,48.73,7.5,5,3,si,BCSF,,,,,,08:31:58.0,48.73,7.5,5,3,,,,,,08:31:58.0,48.63,7.72,14,3.0,2.4,3.0
1991-01-28,20:09:05.0,49.24,6.78,1,2.3,si,BCSF,,,,,,20:09:05.0,49.24,6.78,1,2.3,20:09:05.0,49.24,6.78,1,2.3,,,,,,2.2,2.7
1991-02-20,22:10:48.0,49.22,6.77,1,2.6,si,BCSF,,,,,,22:10:48.0,49.22,6.77,1,2.6,22:10:48.0,49.21,6.78,1,2.6,,,,,,2.4,3.0
1991-03-16,02:00:51.0,49.17,6.81,1,2.6,si,BCSF,,,,,,02:00:51.0,49.17,6.81,1,2.6,02:00:51.0,49.19,6.82,1,2.6,,,,,,2.4,3.0
1991-03-23,07:41:16.0,49.15,6.82,1,2.7,si,BCSF,,,,,,07:41:16.0,49.15,6.82,1,2.7,07:41:15.0,49.17,6.81,1,2.7,,,,,,2.4,3.0
1991-04-13,02:53:11.0,49.17,6.82,1,2.9,si,BCSF,,,,,,02:53:11.0,49.17,6.82,1,2.9,02:53:11.0,49.17,6.82,1,2.9,,,,,,2.6,3.2
1991-05-08,03:12:44.0,49.17,6.87,1,2.8,si,BCSF,,,,,,03:12:44.0,49.17,6.87,1,2.8,03:12:44.0,49.17,6.86,1,2.8,,,,,,2.5,3.1
1991-05-11,03:11:07.0,49.17,6.82,1,2.6,si,BCSF,,,,,,03:11:07.0,49.17,6.82,1,2.6,03:11:07.0,49.17,6.82,1,2.6,,,,,,2.4,3.0
1991-05-23,06:02:33.0,49.14,6.88,1,2.5,si,BCSF,,,,,,06:02:33.0,49.14,6.88,1,2.5,06:02:33.0,49.12,6.9,10,2.5,,,,,,2.3,2.9
1991-05-23,21:59:37.0,49.13,6.85,1,2.3,si,BCSF,,,,,,21:59:37.0,49.13,6.85,1,2.3,21:59:38.0,49.13,6.85,1,2.3,,,,,,2.2,2.7
1991-05-30,00:18:00.0,49.11,6.88,1,2.6,si,BCSF,,,,,,00:18:00.0,49.11,6.88,1,2.6,00:18:00.0,49.11,6.88,1,2.6,,,,,,2.4,3.0
1991-06-03,01:55:51.0,49.14,6.84,1,2.9,si,BCSF,,,,,,01:55:51.0,49.14,6.84,1,2.9,01:55:51.0,49.13,6.85,1,2.9,,,,,,2.6,3.2
1991-06-05,03:58:59.0,49.13,6.85,1,2.6,si,BCSF,,,,,,03:58:59.0,49.13,6.85,1,2.6,03:59:00.0,49.11,6.87,1,2.6,,,,,,2.4,3.0
1991-06-13,22:21:48.0,49.13,6.84,1,2.5,si,BCSF,,,,,,22:21:48.0,49.13,6.84,1,2.5,22:21:48.0,49.12,6.87,1,2.5,,,,,,2.3,2.9
1991-07-02,04:29:36.0,49.17,6.85,1,2.7,si,BCSF,,,,,,04:29:36.0,49.17,6.85,1,2.7,04:29:36.0,49.17,6.85,1,2.7,,,,,,2.4,3.0
1991-07-12,04:13:46.0,49.16,6.82,1,2.4,si,BCSF,,,,,,04:13:46.0,49.16,6.82,1,2.4,04:13:46.0,49.16,6.82,1,2.4,,,,,,2.2,2.8
1991-07-15,01:40:17.0,49.14,6.87,1,2.4,si,BCSF,,,,,,01:40:17.0,49.14,6.87,1,2.4,01:40:17.0,49.14,6.87,1,2.4,,,,,,2.2,2.8
1991-07-16,00:56:18.0,49.16,6.85,1,2.6,si,BCSF,,,,,,00:56:18.0,49.16,6.85,1,2.6,00:56:18.0,49.16,6.85,1,2.6,,,,,,2.4,3.0
1991-07-17,06:35:46.0,49.13,6.86,1,2.2,si,BCSF,,,,,,06:35:46.0,49.13,6.86,1,2.2,06:35:46.0,49.12,6.86,1,2.2,,,,,,2.1,2.7
1991-07-25,04:41:10.0,49.15,6.8,1,2.7,si,BCSF,,,,,,04:41:10.0,49.15,6.8,1,2.7,04:41:11.0,49.13,6.83,1,2.7,,,,,,2.4,3.0
1991-10-20,21:12:43.0,48.54,7.82,5,2.6,si,BCSF,,,,,,21:12:43.0,48.54,7.82,5,2.6,21:12:43.0,48.55,7.81,7,2.6,21:12:45.0,48.57,7.71,15,3.1,2.4,3.0
1991-11-14,20:48:37.0,48.62,7.5,5,2.3,si,BCSF,,,,,,20:48:37.0,48.62,7.5,5,2.3,,,,,,20:48:36.0,48.52,7.79,11,2.3,1.8,2.3
1992-10-20,18:52:22.0,49.13,6.61,1,2.2,si,BCSF,,,,,,18:52:22.0,49.13,6.61,1,2.2,,,,,,18:52:21.0,49.21,6.61,-2,2.2,1.7,2.2
1993-01-07,20:35:28.0,49.15,6.83,1,2.6,si,BCSF,,,,,,20:35:28.0,49.15,6.83,1,2.6,20:35:28.0,49.14,6.84,1,2.6,,,,,,2.4,3.0
1993-01-07,21:29:30.0,49.2,6.8,1,2.9,si,BCSF,,,,,,21:29:30.0,49.2,6.8,1,2.9,21:29:30.0,49.2,6.79,1,2.9,,,,,,2.6,3.2
1993-01-15,22:01:19.0,49.19,6.74,1,2.6,si,BCSF,,,,,,22:01:19.0,49.19,6.74,1,2.6,22:01:20.0,49.16,6.79,1,2.6,,,,,,2.4,3.0
1993-01-15,23:58:21.0,49.13,6.86,1,2.5,si,BCSF,,,,,,23:58:21.0,49.13,6.86,1,2.5,23:58:21.0,49.13,6.85,1,2.5,,,,,,2.3,2.9
1993-01-29,08:15:18.0,49.17,6.86,1,2.5,si,BCSF,,,,,,08:15:18.0,49.17,6.86,1,2.5,08:15:18.0,49.17,6.87,1,2.5,,,,,,2.3,2.9
1993-02-01,03:11:32.0,49.18,6.79,1,2.7,si,BCSF,,,,,,03:11:32.0,49.18,6.79,1,2.7,03:11:32.0,49.17,6.84,1,2.7,,,,,,2.4,3.0
1993-02-03,06:10:28.0,49.17,6.89,1,2.5,si,BCSF,,,,,,06:10:28.0,49.17,6.89,1,2.5,06:10:28.0,49.16,6.91,1,2.5,,,,,,2.3,2.9
1993-02-16,06:26:16.0,49.15,6.86,1,2.8,si,BCSF,,,,,,06:26:16.0,49.15,6.86,1,2.8,06:26:16.0,49.15,6.87,1,2.8,,,,,,2.5,3.1
1993-02-19,20:56:00.0,49.12,6.84,1,2.7,si,BCSF,,,,,,20:56:00.0,49.12,6.84,1,2.7,20:56:00.0,49.13,6.83,1,2.7,,,,,,2.4,3.0
1993-02-26,23:14:12.0,49.19,6.85,1,2.5,si,BCSF,,,,,,23:14:12.0,49.19,6.85,1,2.5,23:14:12.0,49.2,6.85,1,2.5,,,,,,2.3,2.9
1993-03-23,02:52:12.0,49.19,6.74,1,2.7,si,BCSF,,,,,,02:52:12.0,49.19,6.74,1,2.7,02:52:13.0,49.16,6.83,1,2.7,,,,,,2.4,3.0
1993-03-30,00:33:28.0,49.22,6.72,1,3.3,si,BCSF,,,,,,00:33:28.0,49.22,6.72,1,3.3,00:33:29.0,49.2,6.8,1,3.3,,,,,,2.8,3.5
1993-04-01,23:25:32.0,49.16,6.88,1,2.6,si,BCSF,,,,,,23:25:32.0,49.16,6.88,1,2.6,23:25:32.0,49.17,6.89,1,2.6,,,,,,2.4,3.0
1993-04-05,19:49:11.0,49.21,6.82,1,2.5,si,BCSF,,,,,,19:49:11.0,49.21,6.82,1,2.5,19:49:11.0,49.19,6.85,1,2.5,,,,,,2.3,2.9
1993-04-08,00:16:50.0,49.22,6.83,1,2.5,si,BCSF,,,,,,00:16:50.0,49.22,6.83,1,2.5,00:16:50.0,49.22,6.8,1,2.5,,,,,,2.3,2.9
1993-04-08,06:08:12.0,49.18,6.69,1,2.5,si,BCSF,,,,,,06:08:12.0,49.18,6.69,1,2.5,06:08:12.0,49.15,6.73,1,2.5,,,,,,2.3,2.9
1993-04-14,05:20:42.0,49.17,6.87,1,2.6,si,BCSF,,,,,,05:20:42.0,49.17,6.87,1,2.6,05:20:42.0,49.17,6.88,1,2.6,,,,,,2.4,3.0
1993-04-16,23:03:11.0,49.21,6.79,1,2.6,si,BCSF,,,,,,23:03:11.0,49.21,6.79,1,2.6,23:03:12.0,49.2,6.85,1,2.6,,,,,,2.4,3.0
1993-04-23,23:15:11.0,49.17,6.89,1,2.7,si,BCSF,,,,,,23:15:11.0,49.17,6.89,1,2.7,23:15:11.0,49.17,6.87,1,2.7,,,,,,2.4,3.0
1993-05-06,05:31:56.0,49.18,6.87,1,2.5,si,BCSF,,,,,,05:31:56.0,49.18,6.87,1,2.5,05:31:55.0,49.18,6.85,1,2.5,,,,,,2.3,2.9
1993-05-08,05:16:55.0,49.19,6.73,1,2.8,si,BCSF,,,,,,05:16:55.0,49.19,6.73,1,2.8,05:16:56.0,49.17,6.81,1,2.8,,,,,,2.5,3.1
1993-06-11,21:46:02.0,49.11,6.83,1,2.5,si,BCSF,,,,,,21:46:02.0,49.11,6.83,1,2.5,21:46:02.0,49.12,6.84,1,2.5,,,,,,2.3,2.9
1993-07-23,21:30:08.0,49.23,6.8,1,2.8,si,BCSF,,,,,,21:30:08.0,49.23,6.8,1,2.8,21:30:08.0,49.23,6.81,1,2.8,,,,,,2.5,3.1
1993-08-01,22:41:25.0,49.15,6.81,1,2.7,si,BCSF,,,,,,22:41:25.0,49.15,6.81,1,2.7,22:41:25.0,49.15,6.81,1,2.7,,,,,,2.4,3.0
1993-08-06,06:47:59.0,49.13,6.85,1,2.5,si,BCSF,,,,,,06:47:59.0,49.13,6.85,1,2.5,06:47:59.0,49.14,6.86,1,2.5,,,,,,2.3,2.9
1993-09-02,21:43:40.0,49.14,6.85,1,2.5,si,BCSF,,,,,,21:43:40.0,49.14,6.85,1,2.5,21:43:40.0,49.14,6.86,1,2.5,,,,,,2.3,2.9
1993-09-04,19:54:29.0,50.29,5.5,5,3.8,si,BCSF,,,,,,19:54:29.0,50.29,5.5,5,3.8,19:54:30.0,50.27,5.52,10,3.8,,,,,,3.2,3.9
1993-09-10,00:07:34.0,49.15,6.68,1,2.2,si,BCSF,,,,,,00:07:34.0,49.15,6.68,1,2.2,,,,,,00:07:32.0,49.2,6.7,10,2.2,1.7,2.2
1993-09-14,08:13:11.0,49.19,6.66,1,2.5,si,BCSF,,,,,,08:13:11.0,49.19,6.66,1,2.5,08:13:11.0,49.19,6.72,1,2.5,,,,,,2.3,2.9
1993-09-14,23:47:04.0,49.12,6.74,1,2.6,si,BCSF,,,,,,23:47:04.0,49.12,6.74,1,2.6,23:47:04.0,49.1,6.78,1,2.6,,,,,,2.4,3.0
1993-09-24,02:00:31.0,49.13,6.78,1,2.5,si,BCSF,,,,,,02:00:31.0,49.13,6.78,1,2.5,02:00:32.0,49.12,6.83,1,2.5,,,,,,2.3,2.9
1993-09-29,03:47:44.0,49.12,6.84,1,2.6,si,BCSF,,,,,,03:47:44.0,49.12,6.84,1,2.6,03:47:44.0,49.12,6.85,1,2.6,,,,,,2.4,3.0
1993-10-06,06:00:16.0,49.12,6.9,1,3.1,si,BCSF,,,,,,06:00:16.0,49.12,6.9,1,3.1,06:00:16.0,49.11,6.89,1,3.1,,,,,,2.7,3.4
1993-10-11,20:51:06.0,49.12,6.85,1,2.9,si,BCSF,,,,,,20:51:06.0,49.12,6.85,1,2.9,20:51:06.0,49.11,6.86,1,2.9,,,,,,2.6,3.2
1993-10-13,01:54:06.0,49.15,6.82,1,2.8,si,BCSF,,,,,,01:54:06.0,49.15,6.82,1,2.8,01:54:07.0,49.12,6.87,1,2.8,,,,,,2.5,3.1
1993-10-19,05:59:17.0,49.15,6.91,1,3,si,BCSF,,,,,,05:59:17.0,49.15,6.91,1,3,05:59:17.0,49.16,6.91,1,3,,,,,,2.6,3.3
1993-10-20,06:26:11.0,49.15,6.89,1,2.7,si,BCSF,,,,,,06:26:11.0,49.15,6.89,1,2.7,06:26:11.0,49.14,6.9,1,2.7,,,,,,2.4,3.0
1993-10-28,19:49:48.0,49.15,6.86,1,2.6,si,BCSF,,,,,,19:49:48.0,49.15,6.86,1,2.6,19:49:48.0,49.15,6.86,1,2.6,,,,,,2.4,3.0
1993-10-29,18:30:07.0,49.15,6.84,1,2.6,si,BCSF,,,,,,18:30:07.0,49.15,6.84,1,2.6,18:30:07.0,49.15,6.83,1,2.6,,,,,,2.4,3.0
1993-11-12,19:23:47.0,49.09,6.85,1,2.5,si,BCSF,,,,,,19:23:47.0,49.09,6.85,1,2.5,19:23:46.0,49.1,6.79,1,2.5,,,,,,2.3,2.9
1993-11-16,03:00:33.0,49.14,6.91,1,3,si,BCSF,,,,,,03:00:33.0,49.14,6.91,1,3,03:00:33.0,49.12,6.85,1,3,,,,,,2.6,3.3
1993-11-17,02:11:31.0,49.11,6.78,1,2.7,si,BCSF,,,,,,02:11:31.0,49.11,6.78,1,2.7,02:11:31.0,49.1,6.8,1,2.7,,,,,,2.4,3.0
1993-11-23,03:11:47.0,49.86,7.63,5,2.6,si,BCSF,,,,,,03:11:47.0,49.86,7.63,5,2.6,,,,,,03:11:45.0,50,7.8,10,2.6,2.1,2.6
1993-11-24,03:29:26.0,49.15,6.84,1,2.7,si,BCSF,,,,,,03:29:26.0,49.15,6.84,1,2.7,03:29:27.0,49.13,6.85,1,2.7,,,,,,2.4,3.0
1993-11-26,08:47:24.0,49.12,6.84,1,2.9,si,BCSF,,,,,,08:47:24.0,49.12,6.84,1,2.9,08:47:24.0,49.12,6.85,1,2.9,,,,,,2.6,3.2
1993-12-02,18:12:56.0,49.17,6.76,1,2.6,si,BCSF,,,,,,18:12:56.0,49.17,6.76,1,2.6,18:12:56.0,49.17,6.76,1,2.6,,,,,,2.4,3.0
1993-12-15,01:36:57.0,49.12,6.77,1,2.5,si,BCSF,,,,,,01:36:57.0,49.12,6.77,1,2.5,01:36:57.0,49.1,6.81,1,2.5,,,,,,2.3,2.9
1993-12-15,01:43:56.0,49.12,6.81,1,2.6,si,BCSF,,,,,,01:43:56.0,49.12,6.81,1,2.6,01:43:56.0,49.11,6.82,1,2.6,,,,,,2.4,3.0
1993-12-16,08:55:10.0,49.14,6.85,1,2.8,si,BCSF,,,,,,08:55:10.0,49.14,6.85,1,2.8,08:55:10.0,49.12,6.87,1,2.8,,,,,,2.5,3.1
1993-12-29,02:35:22.0,49.12,6.86,1,2.6,si,BCSF,,,,,,02:35:22.0,49.12,6.86,1,2.6,02:35:22.0,49.12,6.86,1,2.6,,,,,,2.4,3.0
1993-12-31,07:48:46.0,49.12,6.89,1,3,si,BCSF,,,,,,07:48:46.0,49.12,6.89,1,3,07:48:46.0,49.12,6.89,1,3,,,,,,2.6,3.3
1994-01-19,07:47:52.0,49.17,6.77,1,2.6,si,BCSF,,,,,,07:47:52.0,49.17,6.77,1,2.6,07:47:52.0,49.15,6.77,1,2.6,,,,,,2.4,3.0
1994-03-30,21:23:35.0,49.11,6.81,1,2.9,si,BCSF,,,,,,21:23:35.0,49.11,6.81,1,2.9,21:23:35.0,49.11,6.81,1,2.9,,,,,,2.6,3.2
1994-05-09,21:26:29.0,49.15,6.88,1,2.7,si,BCSF,,,,,,21:26:29.0,49.15,6.88,1,2.7,21:26:29.0,49.15,6.87,1,2.7,,,,,,2.4,3.0
1994-05-11,22:50:03.0,49.15,6.87,1,2.9,si,BCSF,,,,,,22:50:03.0,49.15,6.87,1,2.9,22:50:03.0,49.15,6.87,1,2.9,,,,,,2.6,3.2
1994-05-31,03:48:07.0,49.2,6.86,1,2.8,si,BCSF,,,,,,03:48:07.0,49.2,6.86,1,2.8,03:48:07.0,49.2,6.86,1,2.8,,,,,,2.5,3.1
1994-06-11,05:12:17.0,49.17,6.87,1,2.6,si,BCSF,,,,,,05:12:17.0,49.17,6.87,1,2.6,05:12:17.0,49.17,6.87,1,2.6,,,,,,2.4,3.0
1994-06-13,19:26:35.0,49.15,6.89,1,2.9,si,BCSF,,,,,,19:26:35.0,49.15,6.89,1,2.9,19:26:35.0,49.14,6.86,1,2.9,,,,,,2.6,3.2
1994-07-01,04:07:11.0,49.14,6.85,1,2.8,si,BCSF,,,,,,04:07:11.0,49.14,6.85,1,2.8,04:07:12.0,49.14,6.85,1,2.8,,,,,,2.5,3.1
1994-07-02,00:27:15.0,49.12,6.86,1,2.7,si,BCSF,,,,,,00:27:15.0,49.12,6.86,1,2.7,00:27:15.0,49.12,6.86,1,2.7,,,,,,2.4,3.0
1994-07-11,20:35:16.0,48.75,7.75,5,1.7,si,BCSF,,,,,,20:35:16.0,48.75,7.75,5,1.7,20:35:16.0,48.76,7.76,10,1.7,,,,,,1.8,2.3
1994-07-26,20:09:20.0,49.16,6.89,1,2.6,si,BCSF,,,,,,20:09:20.0,49.16,6.89,1,2.6,20:09:21.0,49.14,6.91,1,2.6,,,,,,2.4,3.0
1994-11-28,23:32:50.0,48.8,7.87,5,2.1,si,BCSF,,,,,,23:32:50.0,48.8,7.87,5,2.1,23:32:50.0,48.8,7.82,3,2.1,23:32:48.0,48.6,8.2,6,2.7,2.1,2.6
1995-02-12,20:59:48.0,49.17,6.89,1,2.5,si,BCSF,,,,,,20:59:48.0,49.17,6.89,1,2.5,20:59:47.0,49.17,6.89,1,2.5,,,,,,2.3,2.9
1995-06-21,02:33:47.0,50.1,4.21,5,2.6,si,BCSF,,,,,,02:33:47.0,50.1,4.21,5,2.6,,,,,,02:33:46.0,50.3,4.2,22,2.6,2.1,2.6
1995-06-28,02:27:56.0,48.99,7.87,5,1.7,si,BCSF,,,,,,02:27:56.0,48.99,7.87,5,1.7,02:27:56.0,49.02,7.78,5,1.7,,,,,,1.8,2.3
1996-01-09,05:03:43.0,51.3795,6.8415,16,2.8,si,ORB,05:03:43.0,51.3795,6.8415,16,2.8,05:03:50.0,51.03,5.91,5,2.9,05:03:51.0,51.2,6.56,10,2.9,05:03:48.0,51.3,6.5,13,3.2,2.6,3.3
1996-02-04,07:35:45.0,49.06,7.89,5,1.9,si,BCSF,,,,,,07:35:45.0,49.06,7.89,5,1.9,07:35:45.0,49.04,7.82,7,1.9,07:35:44.0,49.1,7.8,11,2.4,1.9,2.4
1996-02-10,06:47:40.0,49.14,6.86,1,3,si,BCSF,,,,,,06:47:40.0,49.14,6.86,1,3,06:47:40.0,49.14,6.86,1,3,,,,,,2.6,3.3
1996-02-15,00:11:31.0,48.51,7.72,5,1.3,si,BCSF,,,,,,00:11:31.0,48.51,7.72,5,1.3,00:11:30.0,48.54,7.73,10,1.3,00:11:30.0,48.5,7.8,2,1.6,1.4,1.8
1996-02-16,00:48:47.0,48.5,7.56,5,1.2,si,BCSF,,,,,,00:48:47.0,48.5,7.56,5,1.2,00:48:47.0,48.54,7.56,10,1.2,00:48:46.0,48.5,7.7,16,1.5,1.3,1.7
1996-03-11,14:46:46.0,51.6733,6.3145,13.7,,si,ORB,14:46:46.0,51.6733,6.3145,13.7,,,,,,,,,,,,,,,,,,
1996-03-13,19:02:19.0,48.91,6.54,5,2.1,si,BCSF,,,,,,19:02:19.0,48.91,6.54,5,2.1,19:02:19.0,48.94,6.55,10,2.1,19:02:19.0,48.9,6.5,10,2.1,1.8,2.3
1996-04-12,02:16:33.0,51.17,6.62,5,2.6,si,BCSF,,,,,,02:16:33.0,51.17,6.62,5,2.6,,,,,,02:16:30.0,51.4,6.7,3,2.6,2.1,2.6
1996-04-20,22:37:19.0,49.16,6.76,1,2.5,si,BCSF,,,,,,22:37:19.0,49.16,6.76,1,2.5,22:37:19.0,49.16,6.8,1,2.5,,,,,,2.3,2.9
1996-05-30,22:07:11.0,48.75,7.95,5,1.8,si,BCSF,,,,,,22:07:11.0,48.75,7.95,5,1.8,22:07:11.0,48.75,7.98,4,1.8,22:07:11.0,48.7,7.9,10,2.2,1.8,2.3
1996-06-08,22:20:15.0,48.77,7.8,5,1.3,si,BCSF,,,,,,22:20:15.0,48.77,7.8,5,1.3,22:20:14.0,48.77,7.84,10,1.3,,,,,,1.5,2.0
1996-06-08,23:08:59.0,48.76,7.87,5,2.5,si,BCSF,,,,,,23:08:59.0,48.76,7.87,5,2.5,23:08:59.0,48.76,7.87,5,2.5,23:09:00.0,48.8,7.9,13,2.8,2.3,2.8
1996-06-10,00:43:47.0,51.5985,6.8317,16.6,,si,ORB,00:43:47.0,51.5985,6.8317,16.6,,00:43:52.0,51.24,6.56,5,2.6,00:43:53.0,51.23,6.57,10,2.6,00:43:50.0,51.4,6.6,2,2.9,2.4,2.9
1996-06-28,18:05:39.0,51.36,6.67,5,2.7,si,BCSF,,,,,,18:05:39.0,51.36,6.67,5,2.7,18:05:40.0,51.32,6.68,10,2.7,,,,,,2.4,3.0
1996-08-10,21:58:05.0,49.14,6.83,1,2.6,si,BCSF,,,,,,21:58:05.0,49.14,6.83,1,2.6,21:58:05.0,49.14,6.84,1,2.6,,,,,,2.4,3.0
1996-09-07,06:51:40.0,48.72,7.07,5,1.8,si,BCSF,,,,,,06:51:40.0,48.72,7.07,5,1.8,06:51:40.0,48.73,7.06,5,1.8,06:51:40.0,48.7,7.1,10,2.1,1.7,2.2
1996-11-30,23:41:46.0,48.51,7.63,10,1.8,si,BCSF,,,,,,23:41:46.0,48.51,7.63,10,1.8,23:41:46.0,48.49,7.7,5,1.8,23:41:46.0,48.5,7.7,7,2.1,1.7,2.2
1996-12-03,08:19:57.0,49.15,6.71,1,2.5,si,BCSF,,,,,,08:19:57.0,49.15,6.71,1,2.5,08:19:57.0,49.15,6.71,1,2.5,,,,,,2.3,2.9
1997-03-01,12:28:03.0,51.5989,7.0083,,,si,ORB,12:28:03.0,51.5989,7.0083,,,,,,,,,,,,,,,,,,,
1997-03-02,01:43:12.0,49.34,6.78,5,2.3,si,BCSF,,,,,,01:43:12.0,49.34,6.78,5,2.3,,,,,,01:43:10.0,49.4,7,2,2.3,1.8,2.3
1997-03-20,23:47:35.0,49.35,6.73,1,2.6,si,BCSF,,,,,,23:47:35.0,49.35,6.73,1,2.6,23:47:36.0,49.34,6.82,1,2.6,23:47:35.0,49.4,6.8,2,2.6,2.2,2.8
1997-04-04,04:07:45.0,51.29,6.74,5,2.5,si,BCSF,,,,,,04:07:45.0,51.29,6.74,5,2.5,04:07:45.0,51.36,7.23,2,2.5,04:07:43.0,51.4,6.9,2,3.0,2.4,2.9
1997-05-13,23:47:27.0,49.12,6.8,1,3,si,BCSF,,,,,,23:47:27.0,49.12,6.8,1,3,23:47:27.0,49.11,6.81,1,3,,,,,,2.6,3.3
1997-06-25,00:05:55.0,49.38,6.89,1,2.7,si,BCSF,,,,,,00:05:55.0,49.38,6.89,1,2.7,00:05:54.0,49.36,6.88,1,2.7,,,,,,2.4,3.0
1997-07-11,03:16:38.0,48.74,7.69,5,2,si,BCSF,,,,,,03:16:38.0,48.74,7.69,5,2,03:16:38.0,48.73,7.74,7,2,03:16:38.0,48.7,7.8,15,2.3,1.9,2.4
1997-08-07,08:53:01.0,49.45,5.99,5,2.2,si,BCSF,,,,,,08:53:01.0,49.45,5.99,5,2.2,08:53:02.0,49.44,6.08,2,2.2,08:53:01.0,49.5,6,2,2.6,2.1,2.6
1997-09-17,04:12:30.0,51.7221,6.9538,,,si,ORB,04:12:30.0,51.7221,6.9538,,,,,,,,,,,,,,,,,,,
1997-09-30,07:58:54.0,49.15,6.81,1,3.1,si,BCSF,,,,,,07:58:54.0,49.15,6.81,1,3.1,07:58:54.0,49.14,6.87,1,3.1,,,,,,2.7,3.4
1997-10-09,02:41:57.0,49.15,6.79,1,2.6,si,BCSF,,,,,,02:41:57.0,49.15,6.79,1,2.6,02:41:57.0,49.14,6.79,1,2.6,,,,,,2.4,3.0
1997-10-11,00:35:34.0,49.36,6.92,1,2.5,si,BCSF,,,,,,00:35:34.0,49.36,6.92,1,2.5,00:35:34.0,49.34,6.91,1,2.5,,,,,,2.3,2.9
1997-10-19,06:21:50.0,49.16,6.83,1,2.6,si,BCSF,,,,,,06:21:50.0,49.16,6.83,1,2.6,06:21:49.0,49.15,6.82,1,2.6,,,,,,2.4,3.0
1997-10-24,22:17:19.0,49.13,6.84,1,2.5,si,BCSF,,,,,,22:17:19.0,49.13,6.84,1,2.5,22:17:19.0,49.13,6.86,1,2.5,,,,,,2.3,2.9
1997-12-03,19:23:37.0,49.13,6.86,1,2.6,si,BCSF,,,,,,19:23:37.0,49.13,6.86,1,2.6,19:23:37.0,49.13,6.85,1,2.6,,,,,,2.4,3.0
1997-12-06,03:39:58.0,49.34,6.72,1,2.4,si,BCSF,,,,,,03:39:58.0,49.34,6.72,1,2.4,,,,,,03:39:57.0,49.4,7,2,2.4,1.9,2.4
1998-01-12,03:16:22.0,48.83,7.48,5,1.8,si,BCSF,,,,,,03:16:22.0,48.83,7.48,5,1.8,03:16:21.0,48.82,7.51,10,1.8,03:16:19.0,48.9,7.5,2,2.5,1.9,2.4
1998-03-04,03:40:05.0,49.14,6.8,1,2.8,si,BCSF,,,,,,03:40:05.0,49.14,6.8,1,2.8,03:40:05.0,49.12,6.81,1,2.8,,,,,,2.5,3.1
1998-04-08,21:55:28.0,48.62,6.34,5,1.9,si,BCSF,,,,,,21:55:28.0,48.62,6.34,5,1.9,21:55:27.0,48.67,6.32,2,1.9,21:55:27.0,48.7,6.3,2,2.4,1.9,2.4
1998-05-21,07:01:58.0,48.8,7.64,5,1.2,si,BCSF,,,,,,07:01:58.0,48.8,7.64,5,1.2,07:01:58.0,48.8,7.63,2,1.2,07:01:53.0,48.5,8.3,2,2.1,1.5,2.0
1998-08-30,21:10:24.0,49.14,6.83,1,2.7,si,BCSF,,,,,,21:10:24.0,49.14,6.83,1,2.7,21:10:24.0,49.14,6.84,1,2.7,,,,,,2.4,3.0
1998-09-26,03:25:33.0,50.39,7.51,5,1.5,si,BCSF,,,,,,03:25:33.0,50.39,7.51,5,1.5,03:25:33.0,50.39,7.51,2,1.5,,,,,,1.7,2.1
1998-10-10,01:16:28.0,48.53,7.54,5,1.3,si,BCSF,,,,,,01:16:28.0,48.53,7.54,5,1.3,01:16:27.0,48.58,7.54,2,1.3,01:16:27.0,48.5,7.6,2,1.8,1.5,1.9
1998-11-19,19:31:06.0,49.16,6.74,1,2.7,si,BCSF,,,,,,19:31:06.0,49.16,6.74,1,2.7,19:31:06.0,49.16,6.74,1,2.7,,,,,,2.4,3.0
1998-12-25,02:32:08.0,49.13,6.88,1,2.6,si,BCSF,,,,,,02:32:08.0,49.13,6.88,1,2.6,02:32:08.0,49.13,6.86,1,2.6,,,,,,2.4,3.0
1999-02-09,19:43:40.0,49.15,6.83,1,2.5,si,BCSF,,,,,,19:43:40.0,49.15,6.83,1,2.5,19:43:40.0,49.14,6.81,1,2.5,,,,,,2.3,2.9
1999-02-23,01:49:17.0,49.15,6.72,1,2.6,si,BCSF,,,,,,01:49:17.0,49.15,6.72,1,2.6,01:49:17.0,49.15,6.73,1,2.6,,,,,,2.4,3.0
1999-09-15,21:46:18.0,48.6,5.59,5,2.2,si,BCSF,,,,,,21:46:18.0,48.6,5.59,5,2.2,,,,,,21:46:19.0,48.6,5.6,2,2.2,1.7,2.2
1999-10-05,02:54:17.0,48.95,7.94,5,1.9,si,BCSF,,,,,,02:54:17.0,48.95,7.94,5,1.9,02:54:16.0,48.88,8.01,2,1.9,02:54:16.0,48.5,8.3,6,2.2,1.8,2.3
1999-12-17,22:08:19.0,48.62,7.49,5,1.7,si,BCSF,,,,,,22:08:19.0,48.62,7.49,5,1.7,22:08:19.0,48.62,7.51,2,1.7,22:08:17.0,48.7,7.6,8,1.7,1.5,2.0
1999-12-26,04:29:29.0,48.71,5.59,5,2,si,BCSF,,,,,,04:29:29.0,48.71,5.59,5,2,,,,,,04:29:31.0,48.7,5.6,10,2.0,1.6,2.0
2000-01-08,04:12:58.0,48.7,5.6,5,2.2,si,BCSF,,,,,,04:12:58.0,48.7,5.6,5,2.2,,,,,,04:12:59.0,48.7,5.6,2,2.2,1.7,2.2
2000-05-08,07:39:25.0,48.55,5.59,5,1.7,si,BCSF,,,,,,07:39:25.0,48.55,5.59,5,1.7,,,,,,07:39:25.0,48.62,5.56,2,1.7,1.3,1.7
2000-06-03,22:04:47.0,49.15,6.83,1,2.1,si,BCSF,,,,,,22:04:47.0,49.15,6.83,1,2.1,22:04:47.0,49.15,6.81,1,2.1,22:04:49.0,49.07,6.76,1,2.4,2.0,2.5
2000-06-24,20:53:53.0,49.15,6.91,1,2.2,si,BCSF,,,,,,20:53:53.0,49.15,6.91,1,2.2,20:53:52.0,49.15,6.87,1,2.2,20:53:52.0,49.14,6.84,1,2.5,2.0,2.6
2000-06-30,23:09:25.0,48.96,7.87,5,1.9,si,BCSF,,,,,,23:09:25.0,48.96,7.87,5,1.9,23:09:25.0,48.95,7.86,3,1.9,,,,,,1.9,2.4
2000-07-01,03:22:55.0,48.96,7.88,2,2,si,BCSF,,,,,,03:22:55.0,48.96,7.88,2,2,03:22:55.0,48.95,7.88,1,2,,,,,,2.0,2.5
2000-07-01,04:09:43.0,48.97,7.88,2,1.9,si,BCSF,,,,,,04:09:43.0,48.97,7.88,2,1.9,04:09:43.0,48.96,7.88,2,1.9,,,,,,1.9,2.4
2000-07-01,07:36:43.0,48.96,7.87,2,1.9,si,BCSF,,,,,,07:36:43.0,48.96,7.87,2,1.9,07:36:43.0,48.96,7.87,,1.9,,,,,,1.9,2.4
2000-07-01,08:57:41.0,48.96,7.88,2,2,si,BCSF,,,,,,08:57:41.0,48.96,7.88,2,2,08:57:41.0,48.96,7.88,1,2,,,,,,2.0,2.5
2000-07-01,23:41:13.0,48.97,7.88,2,2,si,BCSF,,,,,,23:41:13.0,48.97,7.88,2,2,23:41:13.0,48.98,7.88,1,2,,,,,,2.0,2.5
2000-07-02,03:48:00.0,48.95,7.86,2,2,si,BCSF,,,,,,03:48:00.0,48.95,7.86,2,2,03:48:00.0,48.95,7.86,2,2,03:48:00.0,48.9,7.82,2,2.2,1.9,2.4
2000-07-02,22:26:12.0,48.95,7.88,2,2.1,si,BCSF,,,,,,22:26:12.0,48.95,7.88,2,2.1,22:26:12.0,48.94,7.87,2,2.1,22:26:11.0,48.91,7.84,2,2.4,2.0,2.5
2000-07-03,02:46:26.0,48.96,7.87,2,2,si,BCSF,,,,,,02:46:26.0,48.96,7.87,2,2,02:46:26.0,48.96,7.87,2,2,02:46:26.0,48.93,7.82,2,2.1,1.8,2.3
2000-07-03,03:54:30.0,48.96,7.88,2,2,si,BCSF,,,,,,03:54:30.0,48.96,7.88,2,2,03:54:30.0,48.96,7.88,2,2,03:54:30.0,48.9,7.86,2,2.3,1.9,2.4
2000-07-03,04:23:20.0,48.95,7.88,2,2.2,si,BCSF,,,,,,04:23:20.0,48.95,7.88,2,2.2,04:23:20.0,48.95,7.88,2,2.2,04:23:20.0,48.91,7.83,2,2.4,2.0,2.5
2000-07-03,05:32:47.0,48.94,7.87,2,1.9,si,BCSF,,,,,,05:32:47.0,48.94,7.87,2,1.9,05:32:46.0,48.93,7.86,3,1.9,05:32:45.0,48.95,7.81,2,2.3,1.9,2.4
2000-07-03,07:23:45.0,48.97,7.88,2,2,si,BCSF,,,,,,07:23:45.0,48.97,7.88,2,2,07:23:45.0,48.97,7.88,1,2,07:23:45.0,48.92,7.84,2,2.3,1.9,2.4
2000-07-03,18:35:52.0,48.96,7.88,2,1.9,si,BCSF,,,,,,18:35:52.0,48.96,7.88,2,1.9,18:35:52.0,48.96,7.88,1,1.9,18:35:50.0,48.92,7.88,11,2.2,1.8,2.3
2000-07-03,19:07:07.0,48.97,7.88,2,2.1,si,BCSF,,,,,,19:07:07.0,48.97,7.88,2,2.1,19:07:07.0,48.96,7.88,2,2.1,19:07:06.0,48.92,7.8,2,2.3,1.9,2.4
2000-07-03,22:27:09.0,48.97,7.88,2,2,si,BCSF,,,,,,22:27:09.0,48.97,7.88,2,2,22:27:09.0,48.97,7.88,2,2,22:27:09.0,48.91,7.87,2,2.2,1.9,2.4
2000-07-04,01:03:23.0,48.96,7.88,2,2,si,BCSF,,,,,,01:03:23.0,48.96,7.88,2,2,01:03:23.0,48.96,7.88,3,2,01:03:22.0,48.91,7.83,2,2.2,1.9,2.4
2000-07-04,05:37:59.0,48.94,7.87,2,2.3,si,BCSF,,,,,,05:37:59.0,48.94,7.87,2,2.3,05:37:58.0,48.94,7.87,2,2.3,05:37:58.0,48.9,7.87,2,2.6,2.1,2.7
2000-07-04,06:54:01.0,48.96,7.87,2,2,si,BCSF,,,,,,06:54:01.0,48.96,7.87,2,2,06:54:01.0,48.97,7.87,2,2,,,,,,2.0,2.5
2000-07-04,08:36:09.0,48.96,7.87,2,2,si,BCSF,,,,,,08:36:09.0,48.96,7.87,2,2,08:36:08.0,48.95,7.87,3,2,08:36:07.0,48.93,7.84,9,2.3,1.9,2.4
2000-07-05,00:30:36.0,48.95,7.87,2,2.3,si,BCSF,,,,,,00:30:36.0,48.95,7.87,2,2.3,00:30:36.0,48.94,7.87,3,2.3,00:30:35.0,48.96,7.86,9,2.5,2.1,2.6
2000-07-05,07:47:06.0,48.94,7.86,2,2.2,si,BCSF,,,,,,07:47:06.0,48.94,7.86,2,2.2,07:47:06.0,48.94,7.86,2,2.2,07:47:07.0,48.95,7.87,2,2.5,2.0,2.6
2000-07-05,21:02:09.0,48.96,7.87,2,1.9,si,BCSF,,,,,,21:02:09.0,48.96,7.87,2,1.9,21:02:09.0,48.96,7.87,2,1.9,21:02:08.0,48.96,7.87,8,2.1,1.8,2.3
2000-07-06,00:24:11.0,48.96,7.87,2,1.8,si,BCSF,,,,,,00:24:11.0,48.96,7.87,2,1.8,00:24:11.0,48.96,7.87,2,1.8,00:24:11.0,48.96,7.8,4,2.1,1.7,2.2
2000-07-07,01:45:28.0,48.97,7.88,2,2.1,si,BCSF,,,,,,01:45:28.0,48.97,7.88,2,2.1,01:45:28.0,48.96,7.88,2,2.1,01:45:27.0,48.92,7.81,2,2.2,1.9,2.4
2000-07-07,05:24:42.0,48.95,7.88,2,1.9,si,BCSF,,,,,,05:24:42.0,48.95,7.88,2,1.9,05:24:42.0,48.96,7.88,2,1.9,05:24:41.0,48.92,7.86,7,2.3,1.9,2.4
2000-07-07,08:19:40.0,48.96,7.87,2,1.9,si,BCSF,,,,,,08:19:40.0,48.96,7.87,2,1.9,08:19:40.0,48.95,7.86,2,1.9,,,,,,1.9,2.4
2000-07-07,19:00:34.0,48.97,7.86,5,1.8,si,BCSF,,,,,,19:00:34.0,48.97,7.86,5,1.8,19:00:34.0,48.95,7.85,2,1.8,,,,,,1.9,2.3
2000-07-08,20:15:06.0,48.9,7.84,2,2.1,si,BCSF,,,,,,20:15:06.0,48.9,7.84,2,2.1,20:15:06.0,48.95,7.87,2,2.1,20:15:06.0,48.9,7.86,2,2.2,1.9,2.4
2000-07-12,22:18:36.0,49.36,6.9,1,2.2,si,BCSF,,,,,,22:18:36.0,49.36,6.9,1,2.2,22:18:36.0,49.35,6.91,1,2.2,22:18:36.0,49.32,6.95,1,2.3,2.0,2.5
2000-07-13,19:06:20.0,48.97,7.87,2,1.9,si,BCSF,,,,,,19:06:20.0,48.97,7.87,2,1.9,19:06:20.0,48.97,7.87,2,1.9,,,,,,1.9,2.4
2000-07-15,03:07:05.0,49.14,6.8,1,2.3,si,BCSF,,,,,,03:07:05.0,49.14,6.8,1,2.3,03:07:05.0,49.14,6.81,1,2.3,03:07:06.0,49.11,6.77,1,2.6,2.1,2.7
2000-07-22,00:15:07.0,49.36,6.93,1,2.1,si,BCSF,,,,,,00:15:07.0,49.36,6.93,1,2.1,00:15:07.0,49.37,6.91,1,2.1,00:15:07.0,49.4,6.9,1,2.4,2.0,2.5
2000-07-28,02:49:44.0,49.36,6.85,1,2.2,si,BCSF,,,,,,02:49:44.0,49.36,6.85,1,2.2,,,,,,02:49:42.0,49.49,7.2,1,2.2,1.7,2.2
2000-09-01,04:59:22.0,49.15,6.83,1,2.2,si,BCSF,,,,,,04:59:22.0,49.15,6.83,1,2.2,04:59:22.0,49.15,6.84,1,2.2,04:59:21.0,49.17,6.83,1,2.6,2.1,2.6
2000-09-14,05:08:20.0,49.16,6.86,1,2.4,si,BCSF,,,,,,05:08:20.0,49.16,6.86,1,2.4,05:08:19.0,49.16,6.84,1,2.4,05:08:19.0,49.16,6.81,1,2.7,2.2,2.8
2000-10-16,21:01:50.0,49.14,6.81,1,2.3,si,BCSF,,,,,,21:01:50.0,49.14,6.81,1,2.3,21:01:51.0,49.15,6.87,1,2.3,21:01:50.0,49.21,6.87,1,2.7,2.2,2.7
2000-10-23,20:16:31.0,49.37,6.87,1,2.1,si,BCSF,,,,,,20:16:31.0,49.37,6.87,1,2.1,20:16:31.0,49.37,6.87,1,2.1,20:16:30.0,49.41,6.93,1,2.4,2.0,2.5
2000-10-24,03:54:14.0,49.14,6.79,1,2.3,si,BCSF,,,,,,03:54:14.0,49.14,6.79,1,2.3,03:54:15.0,49.16,6.82,1,2.3,03:54:15.0,49.12,6.85,1,2.6,2.1,2.7
2000-11-17,20:39:09.0,49.35,6.9,1,2.1,si,BCSF,,,,,,20:39:09.0,49.35,6.9,1,2.1,20:39:09.0,49.4,6.9,1,2.1,20:39:10.0,49.37,6.91,1,2.4,2.0,2.5
2000-12-06,07:51:05.0,49.38,6.86,1,2.7,si,BCSF,,,,,,07:51:05.0,49.38,6.86,1,2.7,07:51:05.0,49.36,6.89,1,2.7,07:51:06.0,49.38,6.85,1,3.2,2.5,3.1
2000-12-12,22:53:31.0,49.32,6.85,1,2.5,si,BCSF,,,,,,22:53:31.0,49.32,6.85,1,2.5,22:53:31.0,49.3,6.88,1,2.5,22:53:30.0,49.41,6.87,1,2.8,2.3,2.8
2001-02-11,02:45:30.0,49.17,6.76,1,1.8,si,BCSF,,,,,,02:45:30.0,49.17,6.76,1,1.8,02:45:30.0,49.17,6.76,1,1.8,02:45:31.0,49.08,6.76,1,2.3,1.8,2.3
2001-02-11,19:50:25.0,49.17,6.79,1,1.9,si,BCSF,,,,,,19:50:25.0,49.17,6.79,1,1.9,19:50:25.0,49.17,6.8,1,1.9,19:50:26.0,49.1,6.73,1,2.3,1.9,2.4
2001-02-14,22:19:35.0,49.18,6.77,1,2.1,si,BCSF,,,,,,22:19:35.0,49.18,6.77,1,2.1,22:19:35.0,49.17,6.77,1,2.1,22:19:36.0,49.09,6.7,1,2.5,2.0,2.5
2001-03-08,21:32:26.0,49.13,6.76,1,1.9,si,BCSF,,,,,,21:32:26.0,49.13,6.76,1,1.9,21:32:26.0,49.14,6.8,1,1.9,21:32:26.0,49.15,6.85,1,2.4,1.9,2.4
2001-03-16,00:26:27.0,49.36,6.89,1,2.6,si,BCSF,,,,,,00:26:27.0,49.36,6.89,1,2.6,00:26:27.0,49.36,6.89,1,2.6,00:26:27.0,49.37,6.91,1,3.0,2.4,3.0
2001-04-16,03:50:11.0,48.75,5.58,5,2,si,BCSF,,,,,,03:50:11.0,48.75,5.58,5,2,,,,,,03:50:12.0,48.79,5.66,2,2.0,1.6,2.0
2001-06-03,23:46:31.0,49.08,6.65,1,2.4,si,BCSF,,,,,,23:46:31.0,49.08,6.65,1,2.4,,,,,,23:46:30.0,49.18,6.91,1,2.4,1.9,2.4
2001-06-10,20:46:50.0,49.37,6.86,1,2,si,BCSF,,,,,,20:46:50.0,49.37,6.86,1,2,20:46:50.0,49.38,6.9,1,2,20:46:49.0,49.42,7.05,1,2.2,1.9,2.4
2001-06-19,21:19:57.0,49.15,6.84,1,2.2,si,BCSF,,,,,,21:19:57.0,49.15,6.84,1,2.2,21:19:57.0,49.16,6.83,1,2.2,21:19:57.0,49.15,6.88,1,2.6,2.1,2.6
2001-06-20,19:19:42.0,49.37,6.85,1,2.1,si,BCSF,,,,,,19:19:42.0,49.37,6.85,1,2.1,19:19:42.0,49.37,6.93,1,2.1,19:19:42.0,49.39,6.85,1,2.5,2.0,2.5
2001-06-20,21:35:55.0,49.37,6.84,1,2.2,si,BCSF,,,,,,21:35:55.0,49.37,6.84,1,2.2,21:35:56.0,49.38,6.88,1,2.2,21:35:56.0,49.34,6.9,1,2.5,2.0,2.6
2001-06-21,19:38:45.0,49.12,6.79,1,2.1,si,BCSF,,,,,,19:38:45.0,49.12,6.79,1,2.1,19:38:46.0,49.15,6.81,1,2.1,19:38:46.0,49.1,6.82,1,2.6,2.1,2.6
2001-06-21,19:55:49.0,49.14,6.84,1,3.7,si,BCSF,,,,,,19:55:49.0,49.14,6.84,1,3.7,19:55:49.0,49.16,6.82,1,3.7,19:55:49.0,49.15,6.87,1,4.2,3.3,4.0
2001-07-11,21:41:41.0,49.36,6.86,1,2.5,si,BCSF,,,,,,21:41:41.0,49.36,6.86,1,2.5,21:41:42.0,49.35,6.93,1,2.5,21:41:41.0,49.42,7.02,1,2.8,2.3,2.8
2001-07-19,20:23:19.0,49.36,6.9,1,2.2,si,BCSF,,,,,,20:23:19.0,49.36,6.9,1,2.2,20:23:19.0,49.36,6.89,1,2.2,20:23:20.0,49.3,6.86,1,2.4,2.0,2.5
2001-08-03,23:49:08.0,49.37,6.77,1,2.4,si,BCSF,,,,,,23:49:08.0,49.37,6.77,1,2.4,23:49:08.0,49.38,6.81,1,2.4,23:49:09.0,49.35,6.84,1,2.8,2.2,2.8
2001-08-06,19:48:43.0,49.36,6.94,1,2.3,si,BCSF,,,,,,19:48:43.0,49.36,6.94,1,2.3,19:48:43.0,49.36,6.99,1,2.3,19:48:44.0,49.33,6.85,1,2.3,2.0,2.5
2001-08-15,07:43:19.0,49.82,7.48,5,2.2,si,BCSF,,,,,,07:43:19.0,49.82,7.48,5,2.2,07:43:19.0,49.81,7.47,10,2.2,07:43:18.0,49.91,7.46,2,2.5,2.0,2.6
2001-10-14,20:44:33.0,49.37,6.88,1,2.2,si,BCSF,,,,,,20:44:33.0,49.37,6.88,1,2.2,20:44:33.0,49.37,6.9,1,2.2,20:44:34.0,49.37,6.89,1,2.5,2.0,2.6
2001-10-20,08:31:22.0,49.36,6.84,1,2.2,si,BCSF,,,,,,08:31:22.0,49.36,6.84,1,2.2,08:31:22.0,49.36,6.87,1,2.2,08:31:22.0,49.37,6.81,1,2.5,2.0,2.6
2001-10-26,19:30:51.0,49.37,6.83,1,2.3,si,BCSF,,,,,,19:30:51.0,49.37,6.83,1,2.3,19:30:51.0,49.36,6.87,1,2.3,19:30:52.0,49.36,6.91,1,2.7,2.2,2.7
2001-10-28,20:52:42.0,49.36,6.84,1,2.2,si,BCSF,,,,,,20:52:42.0,49.36,6.84,1,2.2,20:52:42.0,49.36,6.91,1,2.2,20:52:43.0,49.32,6.92,1,2.4,2.0,2.5
2001-10-29,21:25:23.0,49.35,6.89,1,3.3,si,BCSF,,,,,,21:25:23.0,49.35,6.89,1,3.3,21:25:23.0,49.36,6.86,1,3.3,21:25:23.0,49.37,6.88,1,3.6,2.9,3.6
2001-11-29,22:37:25.0,49.38,6.87,1,2.6,si,BCSF,,,,,,22:37:25.0,49.38,6.87,1,2.6,22:37:25.0,49.38,6.87,1,2.6,22:37:25.0,49.38,6.86,1,2.8,2.3,2.9
2001-12-10,22:18:29.0,49.37,6.86,1,2.1,si,BCSF,,,,,,22:18:29.0,49.37,6.86,1,2.1,22:18:30.0,49.37,6.89,1,2.1,22:18:30.0,49.36,6.84,1,2.4,2.0,2.5
2001-12-27,20:45:57.0,49.36,6.86,1,2.3,si,BCSF,,,,,,20:45:57.0,49.36,6.86,1,2.3,20:45:57.0,49.38,6.88,1,2.3,20:45:58.0,49.34,6.86,1,2.5,2.1,2.6
2002-01-22,19:30:52.0,49.36,6.89,1,2.6,si,BCSF,,,,,,19:30:52.0,49.36,6.89,1,2.6,19:30:52.0,49.36,6.91,1,2.6,19:30:52.0,49.37,6.89,1,2.9,2.4,2.9
2002-02-17,21:35:43.0,49.32,6.8,1,2.4,si,BCSF,,,,,,21:35:43.0,49.32,6.8,1,2.4,,,,,,21:35:43.0,49.34,6.91,1,2.4,1.9,2.4
2002-02-27,01:05:39.0,51.21,6.54,5,2.7,si,BCSF,,,,,,01:05:39.0,51.21,6.54,5,2.7,,,,,,01:05:37.0,51.41,6.6,1,2.7,2.2,2.7
2002-03-12,18:00:20.0,50.587,5.566,5,1.2,si,ORB,18:00:20.0,50.587,5.566,5,1.2,,,,,,,,,,,,,,,,1.6,2.1
2002-03-18,23:45:37.0,49.36,6.93,1,2.3,si,BCSF,,,,,,23:45:37.0,49.36,6.93,1,2.3,23:45:37.0,49.36,6.91,1,2.3,23:45:37.0,49.37,6.87,1,2.7,2.2,2.7
2002-04-18,20:04:37.0,49.31,6.78,1,2.4,si,BCSF,,,,,,20:04:37.0,49.31,6.78,1,2.4,,,,,,20:04:36.0,49.35,6.88,1,2.4,1.9,2.4
2002-04-21,18:43:26.0,49.36,6.75,1,2.6,si,BCSF,,,,,,18:43:26.0,49.36,6.75,1,2.6,,,,,,18:43:27.0,49.38,6.81,1,2.6,2.1,2.6
2002-04-23,06:44:40.0,49.14,6.86,1,2.6,si,BCSF,,,,,,06:44:40.0,49.14,6.86,1,2.6,06:44:40.0,49.14,6.85,1,2.6,06:44:39.0,49.14,6.84,1,3.0,2.4,3.0
2002-06-01,21:41:11.0,48.54,6.52,5,2.6,si,BCSF,,,,,,21:41:11.0,48.54,6.52,5,2.6,21:41:11.0,48.56,6.53,10,2.6,21:41:11.0,48.55,6.49,2,2.7,2.3,2.8
2002-06-05,21:16:52.0,49.37,6.84,1,2.2,si,BCSF,,,,,,21:16:52.0,49.37,6.84,1,2.2,21:16:53.0,49.36,6.9,1,2.2,21:16:52.0,49.38,6.84,1,2.5,2.0,2.6
2002-07-09,19:02:35.0,48.52,6.04,5,1.8,si,BCSF,,,,,,19:02:35.0,48.52,6.04,5,1.8,19:02:36.0,48.49,6.05,10,1.8,19:02:35.0,48.51,6.01,18,2.2,1.8,2.3
2002-07-22,06:22:42.0,49.15,6.78,1,1.9,si,BCSF,,,,,,06:22:42.0,49.15,6.78,1,1.9,06:22:42.0,49.15,6.78,1,1.9,06:22:42.0,49.16,6.79,1,2.4,1.9,2.4
2002-07-27,00:55:54.0,51.22,6.72,5,2.6,si,BCSF,,,,,,00:55:54.0,51.22,6.72,5,2.6,,,,,,00:55:51.0,51.47,6.84,1,2.6,2.1,2.6
2002-08-13,02:09:32.0,49.12,6.79,1,2.3,si,BCSF,,,,,,02:09:32.0,49.12,6.79,1,2.3,,,,,,02:09:32.0,49.15,6.85,1,2.3,1.8,2.3
2002-09-11,04:21:33.0,49.15,6.8,1,1.9,si,BCSF,,,,,,04:21:33.0,49.15,6.8,1,1.9,04:21:33.0,49.15,6.81,1,1.9,04:21:33.0,49.13,6.81,1,2.4,1.9,2.4
2002-09-15,20:19:01.0,49.13,6.72,1,2.1,si,BCSF,,,,,,20:19:01.0,49.13,6.72,1,2.1,,,,,,20:19:01.0,49.14,6.83,1,2.1,1.6,2.1
2002-09-24,22:27:54.0,49.16,6.92,1,2.4,si,BCSF,,,,,,22:27:54.0,49.16,6.92,1,2.4,22:27:54.0,49.16,6.92,1,2.4,22:27:53.0,49.17,6.84,1,2.8,2.2,2.8
2002-09-27,04:29:27.0,49.16,6.9,1,2.2,si,BCSF,,,,,,04:29:27.0,49.16,6.9,1,2.2,04:29:27.0,49.16,6.9,1,2.2,04:29:27.0,49.16,6.86,1,2.5,2.0,2.6
2002-09-27,22:36:18.0,49.16,6.78,1,2.6,si,BCSF,,,,,,22:36:18.0,49.16,6.78,1,2.6,22:36:18.0,49.15,6.79,1,2.6,22:36:18.0,49.15,6.84,1,3.0,2.4,3.0
2002-10-02,02:06:26.0,48.65,6.99,5,1.7,si,BCSF,,,,,,02:06:26.0,48.65,6.99,5,1.7,02:06:26.0,48.64,6.98,5,1.7,02:06:26.0,48.72,6.93,10,1.9,1.6,2.1
2002-11-04,03:14:30.0,49.16,6.81,1,2.1,si,BCSF,,,,,,03:14:30.0,49.16,6.81,1,2.1,03:14:30.0,49.16,6.8,1,2.1,03:14:30.0,49.12,6.82,1,2.5,2.0,2.5
2002-11-06,06:07:48.0,49.14,6.82,1,2.3,si,BCSF,,,,,,06:07:48.0,49.14,6.82,1,2.3,06:07:48.0,49.13,6.83,1,2.3,06:07:47.0,49.17,6.81,1,2.8,2.2,2.8
2002-11-13,18:07:20.0,49.16,6.73,1,2.8,si,BCSF,,,,,,18:07:20.0,49.16,6.73,1,2.8,18:07:20.0,49.15,6.75,1,2.8,18:07:20.0,49.15,6.83,1,3.2,2.5,3.2
2002-11-14,05:17:21.0,50.25,4.42,10,2.6,si,BCSF,,,,,,05:17:21.0,50.25,4.42,10,2.6,,,,,,05:17:21.0,50.3,4.45,5,2.6,2.1,2.6
2002-11-14,05:17:45.0,50.25,4.48,5,2.5,si,BCSF,,,,,,05:17:45.0,50.25,4.48,5,2.5,,,,,,05:17:44.0,50.33,4.46,2,2.5,2.0,2.5
2002-11-21,22:09:11.0,49.19,6.8,1,2.2,si,BCSF,,,,,,22:09:11.0,49.19,6.8,1,2.2,22:09:10.0,49.21,6.76,1,2.2,22:09:10.0,49.18,6.78,1,2.6,2.1,2.6
2002-11-22,01:04:57.0,49.21,6.7,1,2.3,si,BCSF,,,,,,01:04:57.0,49.21,6.7,1,2.3,01:04:57.0,49.21,6.72,1,2.3,01:04:58.0,49.13,6.81,1,2.8,2.2,2.8
2002-11-29,20:30:35.0,49.16,6.82,1,2,si,BCSF,,,,,,20:30:35.0,49.16,6.82,1,2,20:30:34.0,49.16,6.79,1,2,20:30:35.0,49.15,6.82,1,2.5,2.0,2.5
2002-12-03,02:22:22.0,49.1,6.69,1,1.9,si,BCSF,,,,,,02:22:22.0,49.1,6.69,1,1.9,02:22:21.0,49.12,6.7,1,1.9,02:22:20.0,49.14,6.92,1,2.4,1.9,2.4
2002-12-10,00:02:33.0,49.37,6.89,1,2.1,si,BCSF,,,,,,00:02:33.0,49.37,6.89,1,2.1,00:02:32.0,49.38,6.72,1,2.1,00:02:33.0,49.36,6.94,1,2.3,1.9,2.4
2002-12-27,02:43:23.0,49.15,6.83,1,2.6,si,BCSF,,,,,,02:43:23.0,49.15,6.83,1,2.6,02:43:23.0,49.15,6.78,1,2.6,02:43:23.0,49.15,6.83,1,3.0,2.4,3.0
2002-12-27,08:12:59.0,48.62,5.68,10,2.1,si,BCSF,,,,,,08:12:59.0,48.62,5.68,10,2.1,,,,,,08:13:00.0,48.61,5.69,,2.1,1.6,2.1
2002-12-27,08:31:12.0,48.72,5.68,10,2.2,si,BCSF,,,,,,08:31:12.0,48.72,5.68,10,2.2,,,,,,08:31:12.0,48.71,5.66,,2.2,1.7,2.2
2002-12-28,02:39:45.0,48.55,6.65,10,1.8,si,BCSF,,,,,,02:39:45.0,48.55,6.65,10,1.8,,,,,,02:39:44.0,48.6,6.73,10,1.8,1.4,1.8
2002-12-30,05:14:41.0,48.7,5.7,5,2,si,BCSF,,,,,,05:14:41.0,48.7,5.7,5,2,,,,,,05:14:40.0,48.79,5.71,,2.0,1.6,2.0
2002-12-30,07:49:33.0,48.7,5.68,5,2,si,BCSF,,,,,,07:49:33.0,48.7,5.68,5,2,,,,,,07:49:32.0,48.73,5.7,,2.0,1.6,2.0
2002-12-31,23:11:48.0,49.11,6.73,1,2.3,si,BCSF,,,,,,23:11:48.0,49.11,6.73,1,2.3,,,,,,23:11:47.0,49.19,6.78,1,2.3,1.8,2.3
2003-01-04,18:29:23.0,49.08,6.81,1,2.8,si,BCSF,,,,,,18:29:23.0,49.08,6.81,1,2.8,,,,,,18:29:22.0,49.14,6.82,1,2.8,2.2,2.8
2003-01-17,02:47:07.0,50.12,4.56,5,2.1,si,BCSF,,,,,,02:47:07.0,50.12,4.56,5,2.1,,,,,,02:47:06.0,50.32,4.67,5,2.1,1.6,2.1
2003-01-19,06:36:52.0,49.14,6.88,1,2,si,BCSF,,,,,,06:36:52.0,49.14,6.88,1,2,,,,,,06:36:52.0,49.16,6.9,1,2.0,1.6,2.0
2003-01-19,20:35:05.0,49.16,6.77,1,2.8,si,BCSF,,,,,,20:35:05.0,49.16,6.77,1,2.8,,,,,,20:35:06.0,49.14,6.81,1,2.8,2.2,2.8
2003-02-22,05:57:34.0,50.23,4.51,5,1.8,si,BCSF,,,,,,05:57:34.0,50.23,4.51,5,1.8,,,,,,05:57:32.0,50.37,4.47,9,1.8,1.4,1.8
2003-02-23,18:59:15.0,50.21,4.46,5,1.7,si,BCSF,,,,,,18:59:15.0,50.21,4.46,5,1.7,,,,,,18:59:13.0,50.31,4.43,5,1.7,1.3,1.7
2003-03-03,23:24:08.0,49.16,6.83,1,2.3,si,BCSF,,,,,,23:24:08.0,49.16,6.83,1,2.3,,,,,,23:24:09.0,49.17,6.81,1,2.3,1.8,2.3
2003-03-17,19:05:53.0,49.13,6.81,1,2.6,si,BCSF,,,,,,19:05:53.0,49.13,6.81,1,2.6,19:05:54.0,49.14,6.84,1,2.6,19:05:53.0,49.16,6.84,1,3.2,2.5,3.1
2003-03-17,20:20:26.0,49.16,6.81,1,2.5,si,BCSF,,,,,,20:20:26.0,49.16,6.81,1,2.5,,,,,,20:20:27.0,49.18,6.75,1,2.5,2.0,2.5
2003-03-18,01:29:18.0,48.99,7.9,10,2,si,BCSF,,,,,,01:29:18.0,48.99,7.9,10,2,01:29:20.0,48.97,7.88,2,2,01:29:19.0,48.95,7.94,8,2.1,1.8,2.3
2003-03-18,05:22:15.0,49.1,6.88,1,2.9,si,BCSF,,,,,,05:22:15.0,49.1,6.88,1,2.9,,,,,,05:22:15.0,49.14,6.87,1,2.9,2.3,2.9
2003-04-01,07:18:34.0,49.16,6.69,1,1.9,si,BCSF,,,,,,07:18:34.0,49.16,6.69,1,1.9,07:18:35.0,49.16,6.82,1,1.9,07:18:34.0,49.17,6.75,1,2.7,2.0,2.6
2003-04-12,03:24:29.0,48.97,7.89,5,2,si,BCSF,,,,,,03:24:29.0,48.97,7.89,5,2,03:24:29.0,49.01,7.91,2,2,03:24:29.0,48.92,7.87,2,2.0,1.8,2.3
2003-05-25,02:36:30.0,49.22,6.82,1,2.2,si,BCSF,,,,,,02:36:30.0,49.22,6.82,1,2.2,,,,,,02:36:28.0,49.33,6.91,1,2.2,1.7,2.2
2003-05-29,04:03:36.0,48.94,7.89,5,2.2,si,BCSF,,,,,,04:03:36.0,48.94,7.89,5,2.2,04:03:36.0,48.94,7.91,5,2.2,04:03:36.0,48.93,7.84,2,2.5,2.0,2.6
2003-05-30,01:08:08.0,48.95,7.89,5,1.9,si,BCSF,,,,,,01:08:08.0,48.95,7.89,5,1.9,01:08:08.0,48.98,7.93,3,1.9,01:08:08.0,48.91,7.83,2,2.1,1.8,2.3
2003-05-31,04:28:24.0,48.94,7.87,5,1.9,si,BCSF,,,,,,04:28:24.0,48.94,7.87,5,1.9,04:28:24.0,48.94,7.87,5,1.9,04:28:23.0,49.04,7.64,2,2.4,1.9,2.4
2003-06-01,05:22:00.0,48.93,7.85,5,2.2,si,BCSF,,,,,,05:22:00.0,48.93,7.85,5,2.2,05:22:00.0,48.94,7.84,5,2.2,05:22:00.0,48.88,7.87,3,2.6,2.1,2.6
2003-06-01,06:31:31.0,48.81,7.79,5,1.9,si,BCSF,,,,,,06:31:31.0,48.81,7.79,5,1.9,,,,,,06:31:29.0,48.89,7.84,4,1.9,1.5,1.9
2003-06-01,19:41:36.0,48.94,7.8,5,1.9,si,BCSF,,,,,,19:41:36.0,48.94,7.8,5,1.9,19:41:36.0,48.94,7.8,3,1.9,19:41:36.0,48.93,7.85,10,2.6,2.0,2.5
2003-06-02,00:10:09.0,48.86,7.83,5,1.8,si,BCSF,,,,,,00:10:09.0,48.86,7.83,5,1.8,,,,,,00:10:08.0,48.92,7.86,2,1.8,1.4,1.8
2003-06-02,05:45:11.0,48.95,7.85,5,2.1,si,BCSF,,,,,,05:45:11.0,48.95,7.85,5,2.1,05:45:11.0,49,7.89,3,2.1,05:45:10.0,48.94,7.9,10,2.3,1.9,2.4
2003-06-02,07:44:32.0,48.93,7.85,5,1.9,si,BCSF,,,,,,07:44:32.0,48.93,7.85,5,1.9,07:44:32.0,48.95,7.87,3,1.9,07:44:32.0,48.95,7.89,10,2.3,1.9,2.4
2003-06-02,21:29:49.0,48.93,7.81,5,2.3,si,BCSF,,,,,,21:29:49.0,48.93,7.81,5,2.3,21:29:49.0,48.93,7.85,3,2.3,21:29:49.0,48.91,7.81,5,2.6,2.1,2.7
2003-06-02,21:38:52.0,48.83,7.95,5,1.7,si,BCSF,,,,,,21:38:52.0,48.83,7.95,5,1.7,,,,,,21:38:52.0,48.9,7.83,2,1.7,1.3,1.7
2003-06-02,21:40:45.0,48.87,7.72,10,1.7,si,BCSF,,,,,,21:40:45.0,48.87,7.72,10,1.7,,,,,,21:40:44.0,48.91,7.85,4,1.7,1.3,1.7
2003-06-03,00:57:49.0,48.8,7.94,5,1.9,si,BCSF,,,,,,00:57:49.0,48.8,7.94,5,1.9,,,,,,00:57:48.0,48.94,7.9,10,1.9,1.5,1.9
2003-06-03,02:25:26.0,48.82,7.92,10,1.6,si,BCSF,,,,,,02:25:26.0,48.82,7.92,10,1.6,,,,,,02:25:25.0,48.94,7.9,10,1.6,1.2,1.6
2003-06-04,08:56:29.0,49,7.91,5,1.9,si,BCSF,,,,,,08:56:29.0,49,7.91,5,1.9,08:56:29.0,49,7.91,3,1.9,,,,,,1.9,2.4
2003-06-04,19:30:59.0,48.81,7.88,10,2.2,si,BCSF,,,,,,19:30:59.0,48.81,7.88,10,2.2,,,,,,19:30:58.0,48.92,7.86,2,2.2,1.7,2.2
2003-06-04,23:50:50.0,48.92,7.78,5,1.9,si,BCSF,,,,,,23:50:50.0,48.92,7.78,5,1.9,23:50:49.0,48.97,7.89,5,1.9,23:50:50.0,48.85,7.97,2,2.1,1.8,2.3
2003-06-05,03:08:11.0,48.92,7.85,5,2.1,si,BCSF,,,,,,03:08:11.0,48.92,7.85,5,2.1,03:08:11.0,48.94,7.85,5,2.1,03:08:10.0,48.96,7.91,10,2.5,2.0,2.5
2003-06-05,03:51:15.0,48.93,7.86,5,1.8,si,BCSF,,,,,,03:51:15.0,48.93,7.86,5,1.8,03:51:16.0,48.96,7.87,5,1.8,03:51:15.0,48.99,7.66,2,2.2,1.8,2.3
2003-06-05,22:28:30.0,48.93,7.78,5,1.9,si,BCSF,,,,,,22:28:30.0,48.93,7.78,5,1.9,22:28:30.0,48.96,7.96,5,1.9,22:28:30.0,48.91,7.84,2,2.1,1.8,2.3
2003-06-06,02:10:51.0,48.94,7.83,5,2.2,si,BCSF,,,,,,02:10:51.0,48.94,7.83,5,2.2,02:10:51.0,49.01,7.72,3,2.2,02:10:50.0,48.92,7.92,4,2.5,2.0,2.6
2003-06-06,21:30:11.0,48.94,7.82,5,2.1,si,BCSF,,,,,,21:30:11.0,48.94,7.82,5,2.1,21:30:11.0,48.95,7.88,3,2.1,21:30:10.0,48.88,7.9,2,2.3,1.9,2.4
2003-06-07,06:37:16.0,48.93,7.82,5,2,si,BCSF,,,,,,06:37:16.0,48.93,7.82,5,2,06:37:16.0,48.95,7.87,5,2,06:37:16.0,48.9,7.87,3,2.2,1.9,2.4
2003-06-07,08:13:22.0,48.82,7.85,5,1.9,si,BCSF,,,,,,08:13:22.0,48.82,7.85,5,1.9,,,,,,08:13:21.0,48.92,7.84,2,1.9,1.5,1.9
2003-06-08,00:20:54.0,48.95,7.89,5,2,si,BCSF,,,,,,00:20:54.0,48.95,7.89,5,2,00:20:53.0,48.99,8,3,2,00:20:54.0,48.9,7.88,2,1.9,1.7,2.2
2003-06-08,03:05:57.0,48.85,7.83,5,1.9,si,BCSF,,,,,,03:05:57.0,48.85,7.83,5,1.9,,,,,,03:05:56.0,48.91,7.87,6,1.9,1.5,1.9
2003-06-08,06:45:03.0,48.81,7.65,15,1.8,si,BCSF,,,,,,06:45:03.0,48.81,7.65,15,1.8,,,,,,06:45:00.0,48.91,7.83,2,1.8,1.4,1.8
2003-06-09,03:42:47.0,48.91,7.89,5,2,si,BCSF,,,,,,03:42:47.0,48.91,7.89,5,2,03:42:47.0,48.93,7.9,3,2,03:42:47.0,48.92,7.87,6,2.1,1.8,2.3
2003-06-09,06:53:06.0,48.96,7.85,5,2.1,si,BCSF,,,,,,06:53:06.0,48.96,7.85,5,2.1,06:53:05.0,49,7.92,3,2.1,06:53:05.0,48.91,7.88,2,2.2,1.9,2.4
2003-06-09,22:34:06.0,48.83,7.8,5,1.8,si,BCSF,,,,,,22:34:06.0,48.83,7.8,5,1.8,,,,,,22:34:06.0,48.91,7.81,5,1.8,1.4,1.8
2003-06-10,06:29:47.0,48.93,7.85,5,2.3,si,BCSF,,,,,,06:29:47.0,48.93,7.85,5,2.3,06:29:47.0,48.95,7.87,5,2.3,06:29:47.0,48.94,7.81,6,2.5,2.1,2.6
2003-06-10,19:05:51.0,48.92,7.82,5,2,si,BCSF,,,,,,19:05:51.0,48.92,7.82,5,2,19:05:51.0,48.94,7.85,3,2,19:05:50.0,48.9,7.9,2,2.6,2.0,2.6
2003-06-10,19:32:18.0,48.92,7.82,5,2.2,si,BCSF,,,,,,19:32:18.0,48.92,7.82,5,2.2,19:32:18.0,48.94,7.84,3,2.2,19:32:17.0,48.91,7.88,4,2.8,2.2,2.7
2003-06-10,22:54:14.0,48.92,7.79,5,2.9,si,BCSF,,,,,,22:54:14.0,48.92,7.79,5,2.9,22:54:14.0,48.94,7.86,3,2.9,22:54:14.0,48.91,7.86,7,3.5,2.7,3.3
2003-06-11,02:41:31.0,48.91,7.86,5,2.2,si,BCSF,,,,,,02:41:31.0,48.91,7.86,5,2.2,02:41:31.0,48.94,7.87,3,2.2,02:41:31.0,48.93,7.81,6,2.6,2.1,2.6
2003-06-11,03:23:52.0,48.92,7.81,5,1.9,si,BCSF,,,,,,03:23:52.0,48.92,7.81,5,1.9,03:23:52.0,48.92,7.83,3,1.9,03:23:52.0,48.93,7.81,5,2.6,2.0,2.5
2003-06-11,03:40:43.0,48.91,7.86,5,2.1,si,BCSF,,,,,,03:40:43.0,48.91,7.86,5,2.1,03:40:44.0,48.94,7.87,3,2.1,03:40:43.0,48.89,7.86,3,2.7,2.1,2.6
2003-06-11,08:20:35.0,48.95,7.87,5,1.7,si,BCSF,,,,,,08:20:35.0,48.95,7.87,5,1.7,08:20:35.0,48.99,7.89,3,1.7,,,,,,1.8,2.3
2003-06-12,01:56:11.0,48.93,7.82,5,2.2,si,BCSF,,,,,,01:56:11.0,48.93,7.82,5,2.2,01:56:11.0,48.93,7.79,3,2.2,01:56:11.0,48.93,7.85,6,2.8,2.2,2.7
2003-06-12,04:18:49.0,48.93,7.83,5,2.2,si,BCSF,,,,,,04:18:49.0,48.93,7.83,5,2.2,04:18:49.0,48.93,7.84,3,2.2,04:18:49.0,48.92,7.82,5,2.7,2.1,2.7
2003-06-13,03:52:25.0,48.91,7.86,5,2.1,si,BCSF,,,,,,03:52:25.0,48.91,7.86,5,2.1,03:52:25.0,48.93,7.86,3,2.1,03:52:25.0,48.9,7.83,5,2.6,2.1,2.6
2003-06-14,03:56:10.0,48.93,7.85,5,2.1,si,BCSF,,,,,,03:56:10.0,48.93,7.85,5,2.1,03:56:10.0,48.94,7.87,3,2.1,03:56:10.0,48.93,7.92,7,2.1,1.8,2.3
2003-06-14,05:59:31.0,48.96,7.88,5,1.7,si,BCSF,,,,,,05:59:31.0,48.96,7.88,5,1.7,05:59:31.0,49.01,7.9,3,1.7,,,,,,1.8,2.3
2003-06-14,22:47:19.0,48.93,7.84,5,1.9,si,BCSF,,,,,,22:47:19.0,48.93,7.84,5,1.9,22:47:20.0,48.95,7.88,3,1.9,22:47:19.0,48.89,7.87,3,2.1,1.8,2.3
2003-06-17,21:22:31.0,49.22,6.8,1,2.1,si,BCSF,,,,,,21:22:31.0,49.22,6.8,1,2.1,,,,,,21:22:28.0,49.36,6.87,1,2.1,1.6,2.1
2003-06-18,23:55:21.0,48.98,7.84,10,1.9,si,BCSF,,,,,,23:55:21.0,48.98,7.84,10,1.9,23:55:22.0,48.95,7.86,3,1.9,23:55:21.0,48.93,7.89,7,2.2,1.8,2.3
2003-06-19,22:05:39.0,48.93,7.86,5,1.7,si,BCSF,,,,,,22:05:39.0,48.93,7.86,5,1.7,22:05:39.0,48.95,7.87,5,1.7,22:05:39.0,48.92,7.89,7,1.9,1.6,2.1
2003-06-26,21:19:26.0,48.91,7.94,10,1.7,si,BCSF,,,,,,21:19:26.0,48.91,7.94,10,1.7,21:19:27.0,48.96,7.86,3,1.7,21:19:25.0,48.94,7.88,7,1.9,1.6,2.1
2003-07-04,01:11:04.0,49.3,6.84,1,2.2,si,BCSF,,,,,,01:11:04.0,49.3,6.84,1,2.2,,,,,,01:11:03.0,49.36,6.88,1,2.2,1.7,2.2
2003-07-04,20:03:17.0,49,7.85,10,1.9,si,BCSF,,,,,,20:03:17.0,49,7.85,10,1.9,20:03:17.0,49.08,7.78,5,1.9,20:03:19.0,48.92,7.83,4,2.1,1.8,2.3
2003-07-06,03:28:20.0,48.98,7.88,10,1.7,si,BCSF,,,,,,03:28:20.0,48.98,7.88,10,1.7,03:28:21.0,48.98,7.9,5,1.7,03:28:20.0,48.94,7.81,7,1.8,1.6,2.0
2003-07-08,01:06:37.0,48.96,7.88,10,1.9,si,BCSF,,,,,,01:06:37.0,48.96,7.88,10,1.9,01:06:39.0,48.99,7.89,3,1.9,01:06:38.0,48.93,7.87,7,2.0,1.7,2.2
2003-07-09,19:18:56.0,49.14,6.76,1,2.1,si,BCSF,,,,,,19:18:56.0,49.14,6.76,1,2.1,19:18:57.0,49.14,6.8,1,2.1,19:18:57.0,49.14,6.85,1,2.6,2.1,2.6
2003-07-12,03:40:37.0,49.36,6.87,1,1.8,si,BCSF,,,,,,03:40:37.0,49.36,6.87,1,1.8,03:40:36.0,49.4,6.68,1,1.8,03:40:37.0,49.37,6.85,1,2.3,1.8,2.3
2003-07-12,20:41:50.0,49.14,6.73,1,2.3,si,BCSF,,,,,,20:41:50.0,49.14,6.73,1,2.3,20:41:50.0,49.14,6.82,1,2.3,20:41:50.0,49.14,6.89,1,2.9,2.3,2.8
2003-07-16,01:01:48.0,48.96,7.84,5,1.6,si,BCSF,,,,,,01:01:48.0,48.96,7.84,5,1.6,01:01:49.0,48.98,7.87,2,1.6,01:01:48.0,48.94,7.92,7,2.1,1.7,2.1
2003-07-20,22:46:01.0,48.95,7.83,10,2.3,si,BCSF,,,,,,22:46:01.0,48.95,7.83,10,2.3,22:46:01.0,48.93,7.84,4,2.3,22:46:01.0,48.95,7.83,7,2.6,2.1,2.7
2003-08-03,18:34:21.0,49.22,6.7,1,2.1,si,BCSF,,,,,,18:34:21.0,49.22,6.7,1,2.1,,,,,,18:34:19.0,49.38,6.81,1,2.1,1.6,2.1
2003-08-06,00:17:58.0,49.23,6.83,1,1.6,si,BCSF,,,,,,00:17:58.0,49.23,6.83,1,1.6,00:17:58.0,49.24,6.81,1,1.6,00:17:58.0,49.24,6.79,1,2.0,1.6,2.1
2003-08-06,23:17:04.0,51.26,6.69,10,3.1,si,BCSF,,,,,,23:17:04.0,51.26,6.69,10,3.1,23:17:04.0,51.31,7.02,5,3.1,23:17:01.0,51.48,6.71,9,3.5,2.8,3.4
2003-08-08,02:35:37.0,49.24,6.83,1,2.2,si,BCSF,,,,,,02:35:37.0,49.24,6.83,1,2.2,,,,,,02:35:35.0,49.35,6.87,1,2.2,1.7,2.2
2003-08-13,00:19:18.0,49.23,6.82,1,2,si,BCSF,,,,,,00:19:18.0,49.23,6.82,1,2,,,,,,00:19:15.0,49.37,6.9,1,2.0,1.6,2.0
2003-08-15,08:53:29.0,49.35,6.74,1,2.2,si,BCSF,,,,,,08:53:29.0,49.35,6.74,1,2.2,,,,,,08:53:28.0,49.42,6.71,1,2.2,1.7,2.2
2003-11-06,02:40:57.0,49.1,6.84,1,2.5,si,BCSF,,,,,,02:40:57.0,49.1,6.84,1,2.5,,,,,,02:40:56.0,49.15,6.9,1,2.5,2.0,2.5
2003-11-25,20:55:28.0,49.17,6.73,1,2.2,si,BCSF,,,,,,20:55:28.0,49.17,6.73,1,2.2,,,,,,20:55:26.0,49.28,6.79,1,2.2,1.7,2.2
2004-05-13,05:20:24.0,49.13,6.79,1,2.4,si,BCSF,,,,,,05:20:24.0,49.13,6.79,1,2.4,,,,,,05:20:24.0,49.17,6.82,1,2.4,1.9,2.4
2004-07-31,11:40:53.0,51.5952,6.8243,1,1.8,si,ORB,11:40:53.0,51.5952,6.8243,1,1.8,11:40:59.0,51.37,6.45,10,2.5,,,,,,11:40:57.0,51.48,6.56,1,2.5,2.0,2.5
2004-08-04,21:31:28.0,51.6455,6.632,1,1.4,si,ORB,21:31:28.0,51.6455,6.632,1,1.4,,,,,,,,,,,,,,,,1.8,2.2
2004-08-11,23:57:35.0,49.31,6.84,1,2.1,si,BCSF,,,,,,23:57:35.0,49.31,6.84,1,2.1,,,,,,23:57:34.0,49.42,6.87,1,2.1,1.6,2.1
2004-08-12,03:20:18.0,49.24,6.84,1,2.3,si,BCSF,,,,,,03:20:18.0,49.24,6.84,1,2.3,,,,,,03:20:15.0,49.38,6.88,1,2.3,1.8,2.3
2004-08-12,04:59:42.0,49.23,6.82,1,2.1,si,BCSF,,,,,,04:59:42.0,49.23,6.82,1,2.1,,,,,,04:59:40.0,49.35,6.92,1,2.1,1.6,2.1
2004-08-12,20:15:31.0,51.29,6.59,10,2.7,si,BCSF,,,,,,20:15:31.0,51.29,6.59,10,2.7,,,,,,20:15:27.0,51.5,6.66,1,2.7,2.2,2.7
2004-08-17,22:31:30.0,49.22,6.76,1,2.3,si,BCSF,,,,,,22:31:30.0,49.22,6.76,1,2.3,,,,,,22:31:27.0,49.39,6.86,1,2.3,1.8,2.3
2004-08-20,23:35:22.0,49.79,7.74,10,2.7,si,BCSF,,,,,,23:35:22.0,49.79,7.74,10,2.7,23:35:24.0,49.7,8,10,2.7,23:35:18.0,49.85,8.4,2,3.2,2.5,3.1
2004-09-14,22:51:22.0,48.94,7.92,5,1.9,si,BCSF,,,,,,22:51:22.0,48.94,7.92,5,1.9,22:51:23.0,48.96,7.94,5,1.9,22:51:23.0,48.94,7.84,8,2.0,1.7,2.2
2004-09-15,03:42:08.0,48.94,7.9,5,1.9,si,BCSF,,,,,,03:42:08.0,48.94,7.9,5,1.9,03:42:08.0,48.97,7.95,5,1.9,03:42:08.0,48.94,7.84,9,2.0,1.7,2.2
2004-09-16,23:37:53.0,48.95,7.88,5,1.7,si,BCSF,,,,,,23:37:53.0,48.95,7.88,5,1.7,23:37:53.0,48.98,7.85,5,1.7,23:37:53.0,48.95,7.83,10,2.1,1.7,2.2
2004-09-17,04:13:51.0,48.92,7.8,5,2.2,si,BCSF,,,,,,04:13:51.0,48.92,7.8,5,2.2,04:13:51.0,48.91,7.84,5,2.2,04:13:51.0,48.95,7.83,10,2.6,2.1,2.6
2004-09-21,22:15:49.0,49.37,6.79,1,2.2,si,BCSF,,,,,,22:15:49.0,49.37,6.79,1,2.2,,,,,,22:15:48.0,49.39,6.86,1,2.2,1.7,2.2
2004-09-25,21:41:35.0,48.55,6.07,5,1.7,si,BCSF,,,,,,21:41:35.0,48.55,6.07,5,1.7,,,,,,21:41:35.0,48.56,6.07,9,1.7,1.3,1.7
2004-12-21,22:04:10.0,49.38,6.85,1,2.4,si,BCSF,,,,,,22:04:10.0,49.38,6.85,1,2.4,,,,,,22:04:10.0,49.38,6.93,1,2.4,1.9,2.4
2005-01-06,10:31:28.0,49.466,6.894,1,2,si,ORB,10:31:28.0,49.466,6.894,1,2,10:31:27.0,49.36,6.86,1,3,,,,,,10:31:27.0,49.38,6.91,1,3.0,2.3,2.9
2005-01-09,20:58:31.0,49.36,6.93,1,3.3,si,BCSF,,,,,,20:58:31.0,49.36,6.93,1,3.3,20:58:31.0,49.36,6.94,1,3.3,20:58:31.0,49.36,6.92,1,3.7,2.9,3.6
2005-01-15,22:57:18.0,49.34,6.89,1,2.4,si,BCSF,,,,,,22:57:18.0,49.34,6.89,1,2.4,,,,,,22:57:18.0,49.37,6.94,1,2.4,1.9,2.4
2005-01-20,17:00:11.0,51.562,7.573,1,1.6,si,ORB,17:00:11.0,51.562,7.573,1,1.6,,,,,,,,,,,,,,,,1.9,2.4
2005-01-27,22:46:54.0,49.37,6.87,1,2.7,si,BCSF,,,,,,22:46:54.0,49.37,6.87,1,2.7,,,,,,22:46:54.0,49.39,6.91,1,2.7,2.2,2.7
2005-01-31,03:51:07.0,51.499,6.563,1,1.7,si,ORB,03:51:07.0,51.499,6.563,1,1.7,,,,,,,,,,,,,,,,2.0,2.5
2005-02-01,18:26:32.0,51.688,7.939,0.9,2.3,si,ORB,18:26:32.0,51.688,7.939,0.9,2.3,,,,,,,,,,,,,,,,2.4,3.0
2005-02-05,02:07:36.0,51.715,7.789,1,1.9,si,ORB,02:07:36.0,51.715,7.789,1,1.9,,,,,,,,,,,,,,,,2.1,2.7
2005-02-10,02:24:31.0,48.91,7.85,5,2.5,si,BCSF,,,,,,02:24:31.0,48.91,7.85,5,2.5,02:24:31.0,48.92,7.89,5,2.5,02:24:31.0,48.92,7.8,2,2.8,2.3,2.8
2005-02-11,07:53:49.0,48.93,7.83,5,2.1,si,BCSF,,,,,,07:53:49.0,48.93,7.83,5,2.1,07:53:49.0,48.94,7.85,5,2.1,07:53:49.0,48.91,7.79,2,2.4,2.0,2.5
2005-03-01,03:24:26.0,51.591,7.666,1,1.7,si,ORB,03:24:26.0,51.591,7.666,1,1.7,,,,,,,,,,,,,,,,2.0,2.5
2005-03-01,16:56:50.0,51.625,7.465,1,1.7,si,ORB,16:56:50.0,51.625,7.465,1,1.7,,,,,,,,,,,,,,,,2.0,2.5
2005-03-01,17:24:39.0,51.665,7.616,1,1.6,si,ORB,17:24:39.0,51.665,7.616,1,1.6,,,,,,,,,,,,,,,,1.9,2.4
2005-03-02,02:22:06.0,51.482,6.551,1,1.9,si,ORB,02:22:06.0,51.482,6.551,1,1.9,,,,,,,,,,,,,,,,2.1,2.7
2005-03-02,17:58:53.0,51.55,7.35,1,1.5,si,ORB,17:58:53.0,51.55,7.35,1,1.5,,,,,,,,,,,,,,,,1.8,2.3
2005-03-03,05:28:22.0,49.331,6.906,1,1.8,si,ORB,05:28:22.0,49.331,6.906,1,1.8,05:28:22.0,49.27,6.77,1,2.6,,,,,,05:28:22.0,49.34,6.77,1,2.6,2.1,2.6
2005-03-04,00:20:37.0,51.616,7.77,1,1.7,si,ORB,00:20:37.0,51.616,7.77,1,1.7,,,,,,,,,,,,,,,,2.0,2.5
2005-03-04,02:38:57.0,51.64,7.729,1,1.8,si,ORB,02:38:57.0,51.64,7.729,1,1.8,,,,,,,,,,,,,,,,2.0,2.6
2005-03-04,15:16:37.0,51.61,7.769,1,1.8,si,ORB,15:16:37.0,51.61,7.769,1,1.8,,,,,,,,,,,,,,,,2.0,2.6
2005-03-04,19:46:07.0,51.55,6.793,1,1.3,si,ORB,19:46:07.0,51.55,6.793,1,1.3,,,,,,,,,,,,,,,,1.7,2.2
2005-03-04,20:02:58.0,48.94,7.83,5,1.7,si,BCSF,,,,,,20:02:58.0,48.94,7.83,5,1.7,20:02:58.0,48.94,7.84,5,1.7,20:02:57.0,48.97,7.78,2,2.0,1.7,2.1
2005-03-13,21:53:24.0,48.93,7.88,5,2.2,si,BCSF,,,,,,21:53:24.0,48.93,7.88,5,2.2,21:53:24.0,48.93,7.87,5,2.2,21:53:24.0,48.92,7.89,2,2.3,2.0,2.5
2005-04-01,02:30:12.0,51.702,7.701,1,1.6,si,ORB,02:30:12.0,51.702,7.701,1,1.6,,,,,,,,,,,,,,,,1.9,2.4
2005-04-01,14:32:06.0,51.762,7.7,1,1.9,si,ORB,14:32:06.0,51.762,7.7,1,1.9,,,,,,,,,,,,,,,,2.1,2.7
2005-04-18,05:09:51.0,48.51,7.44,10,1.9,si,BCSF,,,,,,05:09:51.0,48.51,7.44,10,1.9,05:09:51.0,48.51,7.44,10,1.9,05:09:52.0,48.53,7.46,2,2.3,1.9,2.4
2005-05-01,21:48:10.0,49.36,6.77,1,2.4,si,BCSF,,,,,,21:48:10.0,49.36,6.77,1,2.4,,,,,,21:48:10.0,49.4,6.86,1,2.4,1.9,2.4
2005-05-31,02:11:37.0,51.33,6.65,10,2.8,si,BCSF,,,,,,02:11:37.0,51.33,6.65,10,2.8,,,,,,02:11:33.0,51.47,6.85,1,2.8,2.2,2.8
2005-08-09,00:25:15.0,49.31,6.85,1,2,si,BCSF,,,,,,00:25:15.0,49.31,6.85,1,2,,,,,,00:25:14.0,49.38,6.93,1,2.0,1.6,2.0
2005-08-10,02:28:15.0,49.36,6.86,1,1.9,si,BCSF,,,,,,02:28:15.0,49.36,6.86,1,1.9,,,,,,02:28:14.0,49.42,6.88,1,1.9,1.5,1.9
2005-08-10,22:39:38.0,49.35,6.82,1,1.9,si,BCSF,,,,,,22:39:38.0,49.35,6.82,1,1.9,,,,,,22:39:38.0,49.39,6.85,1,1.9,1.5,1.9
2005-10-28,23:14:55.0,51.28,6.67,10,3.1,si,BCSF,,,,,,23:14:55.0,51.28,6.67,10,3.1,23:14:53.0,51.37,6.85,5,3.1,23:14:51.0,51.5,6.7,1,3.7,2.9,3.5
2005-11-16,23:27:14.0,48.61,6.04,10,1.7,si,BCSF,,,,,,23:27:14.0,48.61,6.04,10,1.7,,,,,,23:27:15.0,48.58,6.04,20,1.7,1.3,1.7
2005-11-18,18:46:27.0,49.35,6.84,1,2.5,si,BCSF,,,,,,18:46:27.0,49.35,6.84,1,2.5,,,,,,18:46:27.0,49.38,6.86,1,2.5,2.0,2.5
2005-11-20,08:19:12.0,48.95,7.87,5,1.9,si,BCSF,,,,,,08:19:12.0,48.95,7.87,5,1.9,08:19:12.0,48.99,7.74,5,1.9,08:19:11.0,48.97,7.88,10,2.3,1.9,2.4
2005-11-20,08:34:29.0,48.94,7.87,5,2.3,si,BCSF,,,,,,08:34:29.0,48.94,7.87,5,2.3,08:34:29.0,48.93,7.87,5,2.3,08:34:29.0,48.95,7.92,9,2.2,2.0,2.5
2005-11-30,19:28:46.0,50.19,7.41,5,1.5,si,BCSF,,,,,,19:28:46.0,50.19,7.41,5,1.5,19:28:46.0,50.19,7.41,5,1.5,,,,,,1.7,2.1
2005-12-03,04:49:13.0,51.544,6.862,1,2,si,ORB,04:49:13.0,51.544,6.862,1,2,,,,,,,,,,,,,,,,2.2,2.7
2005-12-08,23:04:03.0,49.33,6.77,1,2.5,si,BCSF,,,,,,23:04:03.0,49.33,6.77,1,2.5,,,,,,23:04:03.0,49.34,6.81,1,2.5,2.0,2.5
2005-12-17,19:10:31.0,49.34,6.85,1,2.5,si,BCSF,,,,,,19:10:31.0,49.34,6.85,1,2.5,,,,,,19:10:31.0,49.38,6.92,1,2.5,2.0,2.5
2005-12-18,05:42:21.0,49.37,6.92,1,2.2,si,BCSF,,,,,,05:42:21.0,49.37,6.92,1,2.2,,,,,,05:42:21.0,49.37,6.93,1,2.2,1.7,2.2
2006-01-20,03:33:24.0,51.6287,6.876,,1.9,si,ORB,03:33:24.0,51.6287,6.876,,1.9,,,,,,,,,,,,,,,,2.1,2.7
2006-01-22,02:40:28.0,49.37,6.91,1,2.3,si,BCSF,,,,,,02:40:28.0,49.37,6.91,1,2.3,,,,,,02:40:29.0,49.39,6.94,1,2.3,1.8,2.3
2006-01-25,19:44:59.0,49.36,6.86,1,2.6,si,BCSF,,,,,,19:44:59.0,49.36,6.86,1,2.6,,,,,,19:45:00.0,49.39,6.9,1,2.6,2.1,2.6
2006-01-31,20:18:30.0,49.37,6.9,1,2.6,si,BCSF,,,,,,20:18:30.0,49.37,6.9,1,2.6,,,,,,20:18:30.0,49.39,6.98,1,2.6,2.1,2.6
2006-02-05,01:24:26.0,49.37,6.87,1,2.4,si,BCSF,,,,,,01:24:26.0,49.37,6.87,1,2.4,,,,,,01:24:26.0,49.39,6.9,1,2.4,1.9,2.4
2006-02-14,06:22:43.0,49.37,6.89,1,2.6,si,BCSF,,,,,,06:22:43.0,49.37,6.89,1,2.6,,,,,,06:22:43.0,49.39,6.92,1,2.6,2.1,2.6
2006-03-30,04:22:26.0,49.35,6.84,1,2.5,si,BCSF,,,,,,04:22:26.0,49.35,6.84,1,2.5,,,,,,04:22:26.0,49.38,6.91,1,2.5,2.0,2.5
2006-04-06,01:42:07.0,48.55,7.64,10,1.5,si,BCSF,,,,,,01:42:07.0,48.55,7.64,10,1.5,01:42:07.0,48.56,7.63,10,1.5,01:42:08.0,48.49,7.76,7,2.0,1.6,2.1
2006-04-26,02:54:03.0,49.31,6.79,1,2.3,si,BCSF,,,,,,02:54:03.0,49.31,6.79,1,2.3,,,,,,02:54:01.0,49.4,6.85,1,2.3,1.8,2.3
2006-05-12,06:55:26.0,49.39,6.81,1,2.5,si,BCSF,,,,,,06:55:26.0,49.39,6.81,1,2.5,06:55:26.0,49.39,6.81,1,2.5,06:55:27.0,49.38,6.94,1,3.0,2.4,2.9
2006-05-15,06:59:38.0,49.37,6.86,1,2.8,si,BCSF,,,,,,06:59:38.0,49.37,6.86,1,2.8,,,,,,06:59:38.0,49.39,6.9,1,2.8,2.2,2.8
2006-06-10,03:17:35.0,49.36,6.88,1,2.6,si,BCSF,,,,,,03:17:35.0,49.36,6.88,1,2.6,,,,,,03:17:35.0,49.38,6.92,1,2.6,2.1,2.6
2006-06-10,18:37:52.0,49.37,6.94,1,2.5,si,BCSF,,,,,,18:37:52.0,49.37,6.94,1,2.5,18:37:51.0,49.37,6.88,1,2.5,18:37:52.0,49.37,6.92,1,2.9,2.3,2.9
2006-06-29,19:29:01.0,49.37,6.7,1,2.1,si,BCSF,,,,,,19:29:01.0,49.37,6.7,1,2.1,,,,,,19:29:01.0,49.4,6.77,1,2.1,1.6,2.1
2006-06-29,23:43:39.0,49.12,6.82,1,2.6,si,BCSF,,,,,,23:43:39.0,49.12,6.82,1,2.6,,,,,,23:43:40.0,49.15,6.8,1,2.6,2.1,2.6
2006-06-30,02:20:47.0,49.32,6.79,1,2.1,si,BCSF,,,,,,02:20:47.0,49.32,6.79,1,2.1,,,,,,02:20:46.0,49.39,6.86,1,2.1,1.6,2.1
2006-08-11,20:46:39.0,49.1,6.68,5,2,si,BCSF,,,,,,20:46:39.0,49.1,6.68,5,2,,,,,,20:46:38.0,49.2,6.72,1,2.0,1.6,2.0
2006-08-27,07:25:02.0,49.34,6.77,1,2.4,si,BCSF,,,,,,07:25:02.0,49.34,6.77,1,2.4,,,,,,07:25:02.0,49.39,6.88,1,2.4,1.9,2.4
2006-09-10,01:39:57.0,48.59,7.55,10,1.5,si,BCSF,,,,,,01:39:57.0,48.59,7.55,10,1.5,01:39:58.0,48.59,7.62,5,1.5,01:39:56.0,48.61,7.59,13,1.7,1.5,1.9
2006-09-10,08:15:39.0,49.38,6.81,1,2.5,si,BCSF,,,,,,08:15:39.0,49.38,6.81,1,2.5,,,,,,08:15:39.0,49.38,6.85,1,2.5,2.0,2.5
2006-10-10,03:13:18.0,49.32,6.83,1,2.5,si,BCSF,,,,,,03:13:18.0,49.32,6.83,1,2.5,,,,,,03:13:18.0,49.38,6.88,1,2.5,2.0,2.5
2006-10-14,22:43:46.0,49.31,6.85,1,2.4,si,BCSF,,,,,,22:43:46.0,49.31,6.85,1,2.4,,,,,,22:43:45.0,49.38,6.88,1,2.4,1.9,2.4
2006-10-19,23:08:11.0,49.35,6.83,1,2.3,si,BCSF,,,,,,23:08:11.0,49.35,6.83,1,2.3,,,,,,23:08:11.0,49.38,6.89,1,2.3,1.8,2.3
2006-10-26,00:29:27.0,48.52,7.66,10,2.2,si,BCSF,,,,,,00:29:27.0,48.52,7.66,10,2.2,00:29:26.0,48.52,7.66,10,2.2,00:29:27.0,48.52,7.67,14,2.5,2.0,2.6
2006-12-22,04:06:12.0,48.56,6.32,5,1.7,si,BCSF,,,,,,04:06:12.0,48.56,6.32,5,1.7,,,,,,04:06:12.0,48.58,6.33,1,1.7,1.3,1.7
2006-12-23,03:22:49.0,48.56,6.3,5,1.8,si,BCSF,,,,,,03:22:49.0,48.56,6.3,5,1.8,,,,,,03:22:50.0,48.58,6.32,1,1.8,1.4,1.8
2006-12-23,22:25:31.0,48.57,6.31,5,1.7,si,BCSF,,,,,,22:25:31.0,48.57,6.31,5,1.7,,,,,,22:25:31.0,48.59,6.33,1,1.7,1.3,1.7
2006-12-26,03:09:17.0,48.5,6.35,5,2.3,si,BCSF,,,,,,03:09:17.0,48.5,6.35,5,2.3,,,,,,03:09:15.0,48.64,6.32,1,2.3,1.8,2.3
2007-02-16,04:47:07.0,51.5103,6.9995,4.2,2.7,si,ORB,04:47:07.0,51.5103,6.9995,4.2,2.7,04:47:12.0,51.32,6.67,10,3,04:47:11.0,51.37,6.77,5,3,04:47:08.0,51.54,6.78,1,3.5,2.7,3.4
2007-02-27,20:43:51.0,51.6075,6.8607,12.2,2.5,si,ORB,20:43:51.0,51.6075,6.8607,12.2,2.5,,,,,,,,,,,,,,,,2.5,3.2
2007-03-18,22:01:39.0,49.74,7.94,10,2.2,si,BCSF,,,,,,22:01:39.0,49.74,7.94,10,2.2,,,,,,22:01:38.0,49.67,8.38,20,2.2,1.7,2.2
2007-03-20,22:34:21.0,49.3,6.8,1,2.6,si,BCSF,,,,,,22:34:21.0,49.3,6.8,1,2.6,,,,,,22:34:21.0,49.37,6.82,1,2.6,2.1,2.6
2007-05-24,22:00:58.0,51.0353,6.5827,11.2,0.6,si,ORB,22:00:58.0,51.0353,6.5827,11.2,0.6,,,,,,,,,,,,,,,,1.2,1.6
2007-06-29,21:27:01.0,49.31,6.77,1,2.6,si,BCSF,,,,,,21:27:01.0,49.31,6.77,1,2.6,,,,,,21:27:01.0,49.38,6.81,1,2.6,2.1,2.6
2007-07-03,06:15:10.0,49.37,6.74,1,2.5,si,BCSF,,,,,,06:15:10.0,49.37,6.74,1,2.5,06:15:10.0,49.36,6.8,1,2.5,06:15:11.0,49.38,6.86,1,3.0,2.4,2.9
2007-07-16,20:06:34.0,48.52,7.52,10,1.8,si,BCSF,,,,,,20:06:34.0,48.52,7.52,10,1.8,20:06:33.0,48.58,7.54,5,1.8,20:06:35.0,48.49,7.58,10,1.9,1.7,2.1
2007-07-30,01:15:46.0,49.36,6.79,1,2.5,si,BCSF,,,,,,01:15:46.0,49.36,6.79,1,2.5,,,,,,01:15:46.0,49.41,6.83,1,2.5,2.0,2.5
2007-08-17,04:16:51.0,49.33,6.83,1,2.5,si,BCSF,,,,,,04:16:51.0,49.33,6.83,1,2.5,,,,,,04:16:50.0,49.38,6.85,1,2.5,2.0,2.5
2007-10-01,18:35:51.0,49.34,6.78,1,2.5,si,BCSF,,,,,,18:35:51.0,49.34,6.78,1,2.5,,,,,,18:35:51.0,49.37,6.87,1,2.5,2.0,2.5
2007-12-12,21:40:35.0,49.39,6.81,1,2.6,si,BCSF,,,,,,21:40:35.0,49.39,6.81,1,2.6,,,,,,21:40:36.0,49.39,6.82,1,2.6,2.1,2.6
2007-12-14,23:01:13.0,49.36,6.73,1,2.8,si,BCSF,,,,,,23:01:13.0,49.36,6.73,1,2.8,23:01:14.0,49.37,6.8,1,2.8,23:01:14.0,49.37,6.83,1,3.1,2.5,3.1
2007-12-18,19:39:55.0,49.33,6.72,1,2.5,si,BCSF,,,,,,19:39:55.0,49.33,6.72,1,2.5,,,,,,19:39:55.0,49.38,6.77,1,2.5,2.0,2.5
2007-12-22,21:07:57.0,49.39,6.81,1,2.8,si,BCSF,,,,,,21:07:57.0,49.39,6.81,1,2.8,21:07:56.0,49.38,6.81,1,2.8,21:07:57.0,49.38,6.81,1,3.0,2.5,3.1
2008-01-02,08:31:25.0,49.32,6.76,1,2.4,si,BCSF,,,,,,08:31:25.0,49.32,6.76,1,2.4,,,,,,08:31:25.0,49.35,6.81,1,2.4,1.9,2.4
2008-01-07,22:22:05.0,49.36,6.78,1,2.4,si,BCSF,,,,,,22:22:05.0,49.36,6.78,1,2.4,,,,,,22:22:06.0,49.38,6.81,1,2.4,1.9,2.4
2008-01-08,22:18:06.0,49.36,6.77,1,2.8,si,BCSF,,,,,,22:18:06.0,49.36,6.77,1,2.8,,,,,,22:18:06.0,49.38,6.76,1,2.8,2.2,2.8
2008-02-18,08:11:44.0,49.37,6.68,1,2.5,si,BCSF,,,,,,08:11:44.0,49.37,6.68,1,2.5,,,,,,08:11:45.0,49.37,6.7,1,2.5,2.0,2.5
2008-03-15,08:41:17.0,51.1598,1.748,,2,si,ORB,08:41:17.0,51.1598,1.748,,2,,,,,,,,,,,,,,,,2.2,2.7
2008-05-03,07:47:55.0,49.35,6.82,1,2.5,si,BCSF,,,,,,07:47:55.0,49.35,6.82,1,2.5,,,,,,07:47:56.0,49.34,6.82,1,2.5,2.0,2.5
2008-09-28,07:39:48.0,49.97,6.02,5,1.9,si,BCSF,,,,,,07:39:48.0,49.97,6.02,5,1.9,,,,,,07:39:47.0,50.08,6.13,9,1.9,1.5,1.9
2008-11-22,07:41:22.0,51.5734,6.7766,,2.5,si,ORB,07:41:22.0,51.5734,6.7766,,2.5,,,,,,,,,,,,,,,,2.5,3.2
2008-12-23,00:50:25.0,51.511,6.4991,,,si,ORB,00:50:25.0,51.511,6.4991,,,00:50:29.0,51.25,6.37,5,2.4,00:50:30.0,51.18,6.17,5,2.4,00:50:25.0,51.5,6.58,1,2.9,2.3,2.9
2009-04-22,18:17:54.0,48.99,7.84,10,2.1,si,BCSF,,,,,,18:17:54.0,48.99,7.84,10,2.1,18:17:53.0,48.97,7.85,10,2.1,18:17:53.0,49.08,7.72,5,2.1,1.8,2.3
2009-05-01,01:50:31.0,51.6512,6.3907,5.6,2,si,ORB,01:50:31.0,51.6512,6.3907,5.6,2,,,,,,,,,,,,,,,,2.2,2.7
2009-05-07,21:24:24.0,51.22,6.5,10,2.6,si,BCSF,,,,,,21:24:24.0,51.22,6.5,10,2.6,,,,,,21:24:19.0,51.48,6.58,1,2.6,2.1,2.6
2009-07-23,14:42:57.0,51.6222,6.821,14.8,2,si,ORB,14:42:57.0,51.6222,6.821,14.8,2,,,,,,,,,,,,,,,,2.2,2.7
2009-08-31,21:57:20.0,48.5,7.66,10,1.7,si,BCSF,,,,,,21:57:20.0,48.5,7.66,10,1.7,,,,,,21:57:20.0,48.51,7.66,19,1.7,1.3,1.7
2009-10-03,03:11:53.0,48.58,6.28,5,1.8,si,BCSF,,,,,,03:11:53.0,48.58,6.28,5,1.8,03:11:59.0,48.68,6.63,5,1.8,03:11:54.0,48.58,6.29,2,2.2,1.8,2.3
2009-11-28,02:44:09.0,49.23,6.86,1,2.2,si,BCSF,,,,,,02:44:09.0,49.23,6.86,1,2.2,,,,,,02:44:08.0,49.33,6.92,1,2.2,1.7,2.2
2009-11-28,07:33:01.0,49.2,6.89,1,2.2,si,BCSF,,,,,,07:33:01.0,49.2,6.89,1,2.2,,,,,,07:32:59.0,49.33,6.92,1,2.2,1.7,2.2
2009-11-28,23:38:41.0,48.6,5.93,5,1.6,si,BCSF,,,,,,23:38:41.0,48.6,5.93,5,1.6,,,,,,23:38:41.0,48.62,5.93,5,1.6,1.2,1.6
2009-12-10,01:26:35.0,48.93,7.93,10,2,si,BCSF,,,,,,01:26:35.0,48.93,7.93,10,2,01:26:35.0,48.92,7.94,10,2,01:26:35.0,48.91,7.96,17,2.3,1.9,2.4
2009-12-18,22:34:45.0,49.33,6.79,1,2.3,si,BCSF,,,,,,22:34:45.0,49.33,6.79,1,2.3,,,,,,22:34:45.0,49.35,6.84,1,2.3,1.8,2.3
2009-12-28,19:04:49.0,51.5574,6.7239,10,2.9,si,ORB,19:04:49.0,51.5574,6.7239,10,2.9,19:04:53.0,51.24,6.5,10,3.1,,,,,,19:04:49.0,51.48,6.57,1,3.1,2.7,3.3
2010-01-04,02:46:19.0,48.52,7.85,10,1.6,si,BCSF,,,,,,02:46:19.0,48.52,7.85,10,1.6,02:46:20.0,47.28,7.98,10,1.6,02:46:18.0,48.47,7.96,6,1.7,1.5,1.9
2010-01-26,01:35:27.0,49.35,6.8,5,1.9,si,BCSF,,,,,,01:35:27.0,49.35,6.8,5,1.9,01:35:27.0,49.34,6.79,1,1.9,01:35:28.0,49.35,6.82,1,2.0,1.7,2.2
2010-02-12,23:27:44.0,48.95,7.86,10,2,si,BCSF,,,,,,23:27:44.0,48.95,7.86,10,2,23:27:44.0,48.93,7.87,5,2,23:27:45.0,48.93,7.83,3,2.1,1.8,2.3
2010-02-17,04:30:55.0,48.95,7.83,10,2.1,si,BCSF,,,,,,04:30:55.0,48.95,7.83,10,2.1,04:30:55.0,48.95,7.84,10,2.1,04:30:56.0,48.93,7.81,3,2.3,1.9,2.4
2010-02-25,00:18:29.0,48.92,7.84,10,2.1,si,BCSF,,,,,,00:18:29.0,48.92,7.84,10,2.1,00:18:29.0,48.93,7.81,5,2.1,00:18:29.0,48.94,7.82,6,2.2,1.9,2.4
2010-03-08,15:06:31.0,50.6292,4.5662,-5,,si,ORB,15:06:31.0,50.6292,4.5662,-5,,,,,,,,,,,,,,,,,,
2010-03-23,20:37:13.0,48.54,6.32,5,1.7,si,BCSF,,,,,,20:37:13.0,48.54,6.32,5,1.7,,,,,,20:37:14.0,48.55,6.31,6,1.7,1.3,1.7
2010-04-17,06:02:32.0,50.4689,6.6045,10,2.1,si,ORB,06:02:32.0,50.4689,6.6045,10,2.1,06:02:26.0,51.24,6.41,10,2.8,,,,,,06:02:22.0,51.49,6.5,1,2.8,2.2,2.8
2010-06-07,19:14:59.0,48.94,7.84,10,2.2,si,BCSF,,,,,,19:14:59.0,48.94,7.84,10,2.2,19:14:59.0,48.94,7.85,7,2.2,19:14:59.0,48.94,7.82,10,2.5,2.0,2.6
2010-06-16,04:56:00.0,51.5432,6.6335,5,2.5,si,ORB,04:56:00.0,51.5432,6.6335,5,2.5,04:56:07.0,51.19,6.52,10,3.1,,,,,,04:56:03.0,51.43,6.6,1,3.1,2.5,3.1
2010-08-11,01:22:49.0,48.78,7.86,10,2,si,BCSF,,,,,,01:22:49.0,48.78,7.86,10,2,,,,,,01:22:47.0,48.78,8.05,2,2.0,1.6,2.0
2010-09-20,08:11:45.0,48.81,7.67,10,2,si,BCSF,,,,,,08:11:45.0,48.81,7.67,10,2,08:11:45.0,48.79,7.7,10,2,08:11:45.0,48.81,7.64,10,2.4,1.9,2.5
2010-11-14,07:10:00.0,48.76,7.56,10,2,si,BCSF,,,,,,07:10:00.0,48.76,7.56,10,2,,,,,,07:09:59.0,48.81,7.68,10,2.0,1.6,2.0
2010-11-16,12:09:26.0,50.652,3.5792,1.8,1.7,si,ORB,12:09:26.0,50.652,3.5792,1.8,1.7,,,,,,,,,,,,,,,,2.0,2.5
2010-11-24,03:50:45.0,48.5,6.25,5,2.1,si,BCSF,,,,,,03:50:45.0,48.5,6.25,5,2.1,,,,,,03:50:45.0,48.5,6.26,15,2.1,1.6,2.1
2010-12-12,04:11:50.0,49.16,8,10,1.9,si,BCSF,,,,,,04:11:50.0,49.16,8,10,1.9,,,,,,04:11:49.0,49.22,8.11,3,1.9,1.5,1.9
2010-12-15,19:33:42.0,49.16,7.93,10,1.7,si,BCSF,,,,,,19:33:42.0,49.16,7.93,10,1.7,,,,,,19:33:41.0,49.21,8.09,10,1.7,1.3,1.7
2010-12-28,20:41:02.0,48.91,7.92,10,1.8,si,BCSF,,,,,,20:41:02.0,48.91,7.92,10,1.8,,,,,,20:41:01.0,48.94,8.09,10,1.8,1.4,1.8
